text,date,site,activity,contractor,barrier,register
"On 25.03.2025, during DG exhaust duct inspection at the Kathalguri GCS, air line supplying the worker inside was routed through walkway and a passing trolley pinched it flat. Flow reduced to almost nothing for some minutes. Worker banged duct wall and came out. Fortunately duct was cool that day. Line rerouted overhead afterward, near miss recorded in register.",,Kathalguri GCS,DG exhaust duct inspection,,breathing air line kinked,near_miss
"Sample label ink running in the rain, three samples reaching the lab with unreadable tags. Waterproof markers introduced and the sample box given a proper lid. Lab thanked us for finally solving a problem they had stopped complaining about.",,Sapkhaiti,sample handling,,waterproof markers and lidded box,ua_uc_observation
"At GGS-4 around 20:55 hrs, spare pump starter key was left in the panel after the rotation check. Rain came heavy and the roof leaked near the panel. Operator wanting to shift the load to the spare pressed start while contract man was mopping water near the live-open terminal cover which was removed for the earlier checking. Motor started and water mopped hand was near the cover. He moved back dropping the mop in the water. No contact made luckily. Open covers now barricaded even for checking.",,Duliajan GGS-4,motor starter panel work,,key left in panel,near_miss
"15.12.2025 at Kathalguri GCS, around 11:25 hrs: during DG-3 exhaust duct soot cleaning by M/s Brahmaputra Enterprise, agreed rope-tug signals from inside were missed twice because of rain drumming on the duct cladding. The worker inside kept working unaware. Miss discovered when attendant pulled the rope and felt no return tug. Entry halted, worker brought out safely, and a battery klaxon line now rigged for all duct entries.",15.12.2025,Kathalguri GCS,DG exhaust duct inspection,M/s Brahmaputra Enterprise,confined-space entry control,near_miss
"On 19.12.2025 at Kathalguri GCS, around 11:25 hrs, entry into DG-4 exhaust duct by M/s Jorhat Engineering began although the crew wanted to finish before shift change. Ten minutes in, the rescue-tripod rigger questioned it and the entry was aborted. Follow-up test showed oxygen at the duct floor below normal near the far end. No-test-no-entry strictly enforced and a second meter kept charged at the GCS panel.",19.12.2025,Kathalguri GCS,DG exhaust duct inspection,M/s Jorhat Engineering,confined-space entry control,near_miss
"An employee was removing a strap from a load of foam insulation when the wind caused a 4x4x4 bundle of insulation to fall from the forks of the forklift. The bundle struck the employee's head, resulting in a spinal cord [OUTCOME] and a dislocation at vertebrae C6 and C7.",2025-03-05,,,Annett Holdings Inc,,
"Floorman's foot slipped off the wet soapy step of the mobile toilet van at well pad HJP. Held side rail, landed on both feet. Anti-skid strips pasted on all van steps same day.",,Well Pad HJP,facility use,,anti-skid strip,near_miss
"An employee was operating a projection welding press when the weld bit contacted her left hand, causing an [OUTCOME] of the index fingertip.",2025-07-29,,,Car Tech LLC,,
"During fuel gas scrubber drain valve gland packing at Kathalguri GCS on 09.11.2024, fitter opened the gland without checking whether scrubber was depressurized. Gas came from the gland and sprayed his face shield. He moved back just in time. Gland packing job on live scrubber was done because supervisor said small job. Permit isolation section blank.",,Kathalguri GCS,fuel gas scrubber drain valve maintenance,,permit-to-work isolation section blank,near_miss
"An employee was loading freight. They went to push the freight while standing on the forks of a forklift. The employee fell off the forks and struck the forks, sustaining broken ribs and a laceration behind an ear.",2024-10-30,,,"ABF Freight System, Inc.",,
"At Well BJN-25, christmas tree lifting during workover around 11:30 hrs. Wind came up suddenly with rain squall. Tree swinging, tag line man slipped on wet ground, line went from his hand. Tree rotated freely for some seconds. Second rigger caught other line and controlled. Job held till rain stopped. Extra tag line man posted for all weather conditions.",,Baghjan EPS,christmas tree lifting during workover,,wind above limit,near_miss
"At around 14:55 hrs at Kathalguri GCS, crane was lifting old transformer for replacement. Lifting lugs on transformer top were corroded, one lug tore off when load was few inches up. Transformer tilted, oil started leaking from damaged lug pocket. Lowered on sleepers, oil collected in tray. Remaining lugs tested, lift done with sling under body. Old lug condition hidden under paint, paint removed and lugs inspected by maintenance engineer before second attempt.",,Kathalguri GCS,crane_transformer_lift,,sling_damaged_kinked,near_miss
"An employee was walking down a staircase when she tripped and fell, resulting in a [OUTCOME] right ankle and a head [OUTCOME].",2025-01-06,,,Northwell Health Zucker Hillside,,
"Monsoon morning at Kathalguri, crane mats floated on standing water during compressor lift. Mats shifted when crane slewed, one outrigger came off mat edge, crane settled with creak. Load was near ground fortunately, landed softly. Water pumped out by diesel pump, matting relaid on compacted surface, daily mat check during monsoon added to crane checklist. Lift completed after rain stopped, four hours delay accepted without complaint.",,Kathalguri GCS,crane_compressor_lift,,crane_on_uncompacted_ground,near_miss
"An employee was loading a 135-foot boom lift onto a trailer. The unit started to slide and fell off the trailer onto its side, throwing the employee to the ground. The employee sustained a [OUTCOME] and dislocated right shoulder and two [OUTCOME] to their left wrist.",2025-09-09,,,Idaho Materials & Construction,,
An employee was standing inside a lift when the guardrail broke and the employee fell out of the lift. The employee sustained [OUTCOME] to their ribs and pelvis.,2025-02-06,,,"New Beginnings Steel Erection, LLC",,
"During summer afternoon around 15:10 hrs, contract helper was pouring water over the hot bearing of transfer pump at Kathalguri GCS thinking pump is stopped for the day. Pump was only in remote stop and auto started on dispatch demand. His hand was near the fan guard, water mug flew and hit the wall. He sat down with fright. Nothing happened to hand by God's grace. Remote stop meaning explained again to all contract staff with practical demo.",,Kathalguri GCS,pump maintenance,,LOTO not applied,near_miss
"During DG-2 exhaust duct inspection at Kathalguri GCS on 19.12.2025, around 06:40 hrs, worker inside the hot duct found his tapping signals unanswered. The posted attendant of M/s Jorhat Engineering was gone for tea break without relief. Worker exited on his own after several anxious minutes. Entry was suspended, attendance-at-post rule re-explained to both shifts, and a no-relief-no-entry line added to the confined-space register.",19.12.2025,Kathalguri GCS,DG exhaust duct inspection,M/s Jorhat Engineering,confined-space entry control,near_miss
"One helmet-denting near miss at Naharkatiya on 27.06.2024. Crane boom inspection at rig yard. Rigger's spanner fell from boom and hit hard hat of his own supervisor standing inside barricade supervising from below. Helmet shell dented, supervisor only shocked. Helmet saved him. Supervision from directly below boom work is still drop zone even inside barricade logic. Supervisor position now moved to side, looking with binocular. Dented helmet kept in safety room as display.",,Naharkatiya,crane boom inspection,,dropped spanner from height near walkway,near_miss
"During loading of casing pipes at Duliajan central store yard on 03.10.2024, trailer moved forward suddenly while crane was still lowering one joint. Sling slipped and joint swung over the trailer deck where two helpers were arranging dunnage. Both jumped down, fortunately no one came under the swinging pipe. Communication gap between driver and rigger found as cause. Engine to remain off during loading, instruction repeated to all transporters through written circular same week.",,Baghjan,casing pipe loading/unloading,,unsecured tubulars shift,near_miss
"LOTO incomplete on furnace fuel oil line at Naharkatiya GGS-3. Pump was locked but suction from day tank had gravity head, oil kept dripping into furnace through burner tip. Inspector inside smelled oil and saw fresh oil film near burner. Came out immediately. Day tank outlet valve also locked and blind flange put. Gravity head also is energy.",,Naharkatiya GGS-3,furnace inspection with fuel oil seepage,,LOTO incomplete on connected lines,near_miss
"One HMV trailer loaded with 13-3/8 casing was seen parked on the highway slope near Ledo bypass at midnight of 05.04.2025 without any reflective triangle or parking light. Our patrol Gypsy almost hit its rear in the dark. Driver was sleeping inside cabin after continuous driving from Jorhat side. Tyre deflated condition also noticed on rear axle. Woke him up and made him shift vehicle to lay-by. Overloading beyond rated capacity suspected from sagging suspension, weighment slip asked from contractor.",,Tinsukia-Duliajan road,casing pipe haulage by HMV trailer,,overloaded vehicle,near_miss
"09.12.2025 at Kathalguri GCS, around 06:40 hrs: during DG-2 exhaust duct soot cleaning by M/s Kalita & Sons, agreed rope-tug signals from inside were missed twice because of the standby blower kept too close to the manway. The worker inside kept working unaware. Miss discovered when attendant pulled the rope and felt no return tug. Entry halted, worker brought out safely, and a battery klaxon line now rigged for all duct entries.",09.12.2025,Kathalguri GCS,DG exhaust duct inspection,M/s Kalita & Sons,confined-space entry control,near_miss
"UA/UC: boiler furnace at Jorajan, communication rope was hanging at entry but entrant not clipped to it, rope hanging free as decoration. Inspector asked entrant why, he said clipping slows movement. Decoration rope saves nobody. Clip-on checked at manhole before entry, permit issuer initials.",,Jorajan,furnace entry unclipped rope observation,,communication rope missing,ua_uc_observation
"At Baghjan EPS on 17 January 2025, while dismantling temporary test line, fitter hammered 2 inch union with line isolated only at one end, other end valve was passing. Union blew and flew past his knees into the drain pit. Pressure not verified zero. Both-end isolation with bleed verification made standard for temporary lines.",,Baghjan EPS,hammer union breaking,,pressure not verified zero,near_miss
An employee was removing stucco from the side of a wall when the ceiling collapsed. The employee jumped out of the way and began descending the side of the scaffold when they fell to the ground. The employee sustained a [OUTCOME] right wrist.,2025-08-04,,,Jack's Exteriors,,
"On 19.12.2025 at Kathalguri GCS, soldering in instrument room going on. Gas test done in room and nil. But cable trench entering room had vapour from outside area and trench cover was inside room. Vapour came out of trench gap during soldering. Smell noticed, work stopped, trench ventilated. Trench is highway for vapour, told gang. Trench cover now sealed with gasket. Cable trench gas test now part of instrument room hot work.",,Kathalguri GCS,soldering in instrument room,,gas test not done before welding,near_miss
"During DG-1 exhaust duct inspection at Kathalguri GCS on 04.11.2025, around 19:45 hrs, the breathing air line routed across the walkway was run over by an electrode trolley, pinching it flat for some minutes. The M/s Sadiya Services worker inside felt the supply weaken, knocked on the duct and came out safely. Walkway crossing eliminated by rerouting the line overhead and a hose-ramp kept at the crossing point.",04.11.2025,Kathalguri GCS,DG exhaust duct inspection,M/s Sadiya Services,confined-space entry control,near_miss
"Sump pit entry near oily water sump pumps at Kathalguri GCS on 26.02.2025. Blower was on but attendant switched it off during his phone call because he could not hear caller over blower noise. Pit man inside kept working four minutes silent. Call ended, blower on again. Four minutes of phone, zero minutes of air. Phone calls away from blower zone rule.",,Kathalguri GCS,sump pit entry,,ventilation blower off,near_miss
An employee was inspecting a vehicle at an automobile body shop. He leaned down and a sharp piece of metal that was sticking out from a damaged door on the car [OUTCOME] lacerated his lower right leg. The employee was [OUTCOME].,2025-07-01,,,Geico,,
"During toolbox talk at GGS-3 Naharkatia on 04.03.2024, topic was snake bite precaution in grass area. Wear gumboot, use stick to check grass, do not put hand in hole. 14 workers attended. Snake stick kept at two locations. One grass patch near dyke cut same day.",,GGS-3 Naharkatia,toolbox talk,,gumboot,ua_uc_observation
"During afternoon of 19.08.2024, mock rescue exercise at GCS Dikom. Dummy casualty shifted from first floor of control room building by stretcher through stair case. Four man carry practised. Timing 3 min 25 sec. Stair case emergency light cover broken, new cover fixed. Exercise only, all QRT men attended.",,GCS Dikom,mock rescue exercise,,emergency light,drill
"21.11.2025, around 23:30 hrs: breathing air line of contract fitter of M/s Jorhat Engineering inside DG-1 exhaust duct at Kathalguri GCS snagged and flattened on the inspection port lip and flow dropped to almost nothing. He dropped to the low soot-free layer and backed out slowly. Standby man raised the alarm only after he came out. Line rerouted overhead the same shift and pre-entry line-stretch check added to the permit attachment.",21.11.2025,Kathalguri GCS,DG exhaust duct inspection,M/s Jorhat Engineering,confined-space entry control,near_miss
"On 02.02.2025 at Kathalguri GCS, contractor fitter calibrated the dosing pump against a permit where isolation section was blank because pump is small chemical pump, low risk as noted by issuer. While opening the head, trapped pressure ejected the check valve ball which hit the roof sheet. Could have hit his eye. Permit issuer counselled, small pump clause removed.",,Kathalguri GCS,chemical dosing pump calibration,,permit-to-work isolation section blank,near_miss
"An employee climbed onto a flatbed trailer to adjust a strap, lost his balance, and fell from the trailer to the ground. He suffered broken ribs.",2025-08-11,,,Stan Koch & Sons Trucking,,
"During evening exodus at GGS-2 Dikom main gate on 27-09-2024 around 18:25 hrs, two bikes touched handle to handle while both squeezed the same gap in queue. Both riders balanced, nothing fell. Gap squeezing at gate rush observed as pattern. Gate made two lane with rope divider for two wheelers. Exit rush is daily event, system adjusted to reality instead of lecturing riders.",,GGS-2 Dikom main gate,gate exit rush,,two lane divider,near_miss
"Forklift at Duliajan GGS-2 store yard was moving container loaded unevenly, heavy side towards heel of forks. During turning, container slid on forks towards mast and tilted, corner hit the ground. Container door opened and tools scattered. Nobody on that side fortunately. Load center checking before lift taught, container loaded weight distribution asked from packing section, turning speed reduced in yard. Tools collected, container re-packed properly.",,Duliajan GGS-2,forklift_container_handling,,load_chart_not_consulted,near_miss
"One morning on 08-01-2025 at GGS-1 Naharkatia, cold fog, the security campfire at the watch tower base had spread slightly to the dry leaf ring around it overnight. Patrol doused it at 06:30 hrs. Campfire ring now made of bricks with 2 metre clear zone. Warming fire for winter security is reality, design it rather than ban it, that was the decision.",,GGS-1 Naharkatia watch tower,campfire spread,,brick ring + clear zone,near_miss
"At around 20:15 hrs at Kathalguri GCS, crane lifting new battery bank for UPS when battery terminal covers were not fitted, terminals hit each other during tilting, spark came. Load was lowered immediately, crew moved back. Batteries were not connected, still terminal shorting from metal contact. Terminal covers fitted, battery handling by insulated tools. Spark was small, no fire. Battery room ventilation checked before installation. Electrical safety for battery handling discussed in next electrical team meeting with incident photos shared.",,Kathalguri GCS,crane_battery_lift,,no_lifting_plan,near_miss
"On 12.11.2025, around 23:30 hrs, contract mazdoor of M/s Kalita & Sons entered DG-1 exhaust duct at Kathalguri GCS with the duct skin still too hot to keep a palm on. Inside he felt the grating hot through his boots and came out within minutes with reddened hands from touching the wall for balance. Job stopped and rescheduled. Supervisor reminded that shutdown time is not cooling time; temperature strip now pasted at the manway.",12.11.2025,Kathalguri GCS,DG exhaust duct inspection,M/s Kalita & Sons,confined-space entry control,near_miss
"At about 04:40 hrs on 08.05.2025, bowser skidded while climbing the wet ramp to Kathalguri GGS top and driver over-corrected, front wheel hit the ramp edge kerb and steering tie rod bent. Vehicle became hard to steer and stopped across the ramp. Other vehicles blocked for one hour till mechanic came. Tie rod had play since long, drivers were managing by judgement. Steering play checking included now in the daily driver checklist with photograph to supervisor.",,Kathalguri,water bowser operation,,driver hours exceeded,near_miss
"On 28.05.2025 pre-flood season check of foam system at GGS Balimara, as Dihing river level was rising. All foam equipment above flood level verified, foam tender access road inspected. Sandbag stock near foam pump house increased. Foam pump suction from underground tank confirmed flood safe. Report sent to installation manager.",,GGS Balimara,pre-flood check,,foam system,drill
"An employee was clearing yarn that had wrapped around a gear-driven conveyor belt when his left arm got pulled between the belt and a roller. The employee sustained a [OUTCOME] arm, as well as lacerations and abrasions.",2024-11-20,,,Milliken & Company,,
"Produced-sand pit cleaning at Jorajan: rescue plan said standby excavator for collapse rescue, but excavator at site is old, breakdown twice this month. plan assumed machine availability. manual rescue protocol made primary, excavator backup if running, extra crew assigned. machine-dependent rescue plan needs a machine that starts.",,Jorajan,produced-sand pit cleaning,,rescue plan copied from different site,near_miss
"On 14.02.2024 around 05:35 hrs, key left in the soft starter panel of loading pump at GGS-4 allowed the loader operator to inch the pump for line filling while contract fitter was checking the coupling alignment with feeler gauge between the halves. Coupling turned and feeler gauge bent and flew. His fingers were on the rim, skin peeled slightly on one finger. He pulled back at once. Key removal photo made part of the isolation proof.",,Duliajan GGS-4,pump maintenance,,key left in panel,near_miss
"At around 13:20 hrs at Tengakhat, glycol reboiler fuel gas filter was opened for cleaning with only single block valve closed. Gas leaked through valve and filled the small shed. LEL meter showed 35 percent LEL when they checked. All came out, ventilation done. Gas service on single block valve, DBB demanded.",,Tengakhat,glycol reboiler burner maintenance,,single block valve on gas service (no DBB),near_miss
"An employee slipped on ice. The employee's ankle was caught under a conduit, and the employee's tibia and fibula were both broken.",2025-01-10,,,Buist Inc.,,
"Jorajan receiver foundation bolt re-torque. The torque wrench multiplier was being held by a reaction arm against the receiver's own leg gusset. At full torque the gusset, thinner than it looked, buckled and the multiplier kicked off the bolt, throwing the fitter's balance backward down the platform steps. He caught the rail at the third step. Reaction points now chosen from the foundation steel, never the vessel legs.",,Jorajan,foundation bolt re-torque,,spring-loaded mechanism,near_miss
"At around 11:20 hrs on 09.09.2024, DCS showed LT-2210 on produced water tank at EPS Balimara stuck at 62 percent while tank was actually filling. Bypass was not required. Technician tapped the impulse line, draining of condensate done, reading came back normal.",,EPS Balimara,process monitoring,,process alarm,ua_uc_observation
"An employee was putting salt underneath a jackknifed flatbed truck, when the trailer struck her and knocked her to the ground. This resulted in [OUTCOME] to her upper right extremities and ribs.",2024-02-29,,,"Mac's Convenience Stores, LLC",,
"On 23.02.2025, pig launcher door closure spring work near Baghjan EPS. Barrel pressure gauge read zero from previous day blowdown. Overnight thermal rise repressurized the trapped pocket. When spring cover bolts loosened, cover lifted with hiss and narrowly missed face of cover man. Morning re-verification of zero made must even if previous day drained.",,Baghjan EPS,pig launcher door mechanism,,pressure gauge reads zero but trapped pocket,near_miss
"An employee was helping to lift a cylinder assembly with a remote-controlled overhead crane when the cylinder slipped out of the basket hitch and pinched the employee's right hand, resulting in [OUTCOME] of their index and middle fingertips.",2025-01-14,,,Cleveland-Cliffs Butler Works,,
"A journeyman on ground level was removing conduit from energized gear. When he lifted the conduit, it came in contact with a live bus that caused an arc blast. The journeyman sustained burns while an apprentice on the basement level who was pushing the conduit up received an electrical shock. Both employees were [OUTCOME].",2024-09-18,,,"Mehl Electric Company, Inc",,
An employee became ill and dizzy when delivering mail and was [OUTCOME] for heat-related illness.,2025-06-25,,,U.S. Postal Service,,
"An employee was working between the two glass lines at a glass machine. Pieces of glass were not moving properly through the lines and the machine stopped working. The employee crawled under the table, bypassing the guard system, and walking into the ""butterfly"" section where the pieces of glass are put together. After moving some pieces of glass, the machine started working again and the employee was caught in the ""butterfly."" The employee sustained [OUTCOME] to her L2-L5 vertebrae and was [OUTCOME].",2025-08-27,,,"United Window & Door Manufacturing, Inc.",,
"On 07.11.2025, around 19:45 hrs, contract mazdoor of M/s Purbanchal Services entered DG-4 exhaust duct at Kathalguri GCS before the mandated cooling period was over. Inside he felt the grating hot through his boots and came out within minutes with reddened hands from touching the wall for balance. Job stopped and rescheduled. Supervisor reminded that shutdown time is not cooling time; temperature strip now pasted at the manway.",07.11.2025,Kathalguri GCS,DG exhaust duct inspection,M/s Purbanchal Services,confined-space entry control,near_miss
"One near miss at Digboi on 16.12.2024 foggy morning. Crane boom inspection scheduled, visibility poor. Fitter on boom could not see ground party position clearly. His spanner fell from boom walkway and hit ground close to signalman who was standing outside barricade to see better in fog. Signalman moved only after hearing hit. Fog condition work at height over others now postponed till visibility improves. Signalman position marked with flag beyond drop zone.",,Digboi,crane boom inspection,,dropped spanner from height near walkway,near_miss
"An employee was lifting metal tubing with a hoist fork when the fork slipped out, causing the steel material to fall and [OUTCOME] the employee's right hand.",2024-06-20,,,OX Bodies /TBEI,,
"During cable tray installation over Kathalguri machine shop on 25.10.2024, one electrician was pulling cable while walking backward on AC roof sheet. His heel went through a weak patch near old repair plate. He could balance only because cable tray was near to hold. Almost went through with one leg. Area below was walkway to compressor. Work suspended, trays now fixed from scaffold only.",,Kathalguri,working on fragile AC-sheet roof near workshop,,stepping on fragile roof sheet,near_miss
"UG sump near Moran power house: opened for pump repair, detector showed low oxygen 17.8 percent though no smell nothing. sludge decomposition in closed sump, invisible. mechanic was already wearing his helmet to go down. stopped at the hatch itself. blower run two hours, retest 20.6, then entry. no smell does not mean no problem.",,Moran GGS-1,sump pump maintenance,,"unknown atmosphere, no historical data",near_miss
"Oily water separator pit at Jorajan. Worker inside without harness because pit is only chest deep, he argued. But pit floor was oily sludge, he slipped and fell face down in sludge, could not get up quickly in the muck. Standby had no rope to pull, jumped in and lifted him out. Both covered in oily sludge. Depth is not the only criterion for harness.",,Jorajan,OWS pit sludge cleaning,,rescue harness not worn,near_miss
"Mast raising at workover rig #7 after rig move. Raising line snagged on a rung clamp added by the paint crew the previous week, driller pulled a bit more, the clamp snapped and flew off like a stone from a sling, landing near the catwalk where a roustabout stood with pipe. He ducked behind the rack and nothing happened, but that clamp from that height is not something a helmet argues with. Snag walk had been done, yet the clamp was on no drawing and no list, so nobody looked twice. New rule: nothing attaches to mast structure without a work order and a rig file entry, and the snag walk checks against the file instead of memory.",,Workover Rig #7,derrick/mast raising,,unrecorded attachment / flying object,near_miss
"Weekend maintenance at Dumduma, 23.08.2025. The sand conveyor was worked on for three hours with the VFD in bypass and the breaker racked out, but no try start was done after lockout. When grid supply came back after a dip, the auto-restart logic gave a pulse and the belt crept forward with a man's boot still on the idler frame. He rolled off in time. Auto-restart defeated during permit jobs from now on.",,Dumduma,conveyor idler replacement,,isolation done but not verified by try-start,near_miss
"Around 20:20 hrs at GGS-2, contract helper Jintu was tightening the lantern ring of the condensate pump with pump stopped from the DCS soft stop. Soft stop keeps the control supply live. Operator on the other console pressed hard start for the schedule. Lantern ring tool hit his thumb as shaft moved. Thumb nail blue next morning, work continued after first aid. Soft stop versus isolation difference taught with demo.",,Duliajan GGS-2,pump maintenance,,LOTO not applied,near_miss
"Two employees were moving a vertical turbine pump into a shop using a set of jacks. One of the jacks hit a small hole in the concrete, causing the pump to jump and land on one employee's right foot. The foot was crushed and the employee was [OUTCOME].",2024-02-08,,,"JCI Industries, Inc",,
"One contract worker inside the cable trench at Duliajan GGS-4 signalled for cable grease but the attendant was on phone near the material truck. worker came up and found him laughing. matter put in the daily report and the attendant moved to non-permit duties. trench jobs need watchers, not talkers.",,Duliajan GGS-4,cable trench work,,attendant on phone,near_miss
"Forklift at Kathalguri GCS lifting old pump when pump lifting eye was metric fine thread, eye bolt available was coarse, bolt went few threads and jammed. Fitter forced it thinking it is tight. Under load, threads stripped, bolt came out, pump fell on pallet. Thread identification with gauge, correct bolt used. Forcing of mismatched threads was becoming habit, thread gauge kit issued to each maintenance team. Pump fell on pallet wood fortunately, not on floor, no damage to pump feet.",,Kathalguri GCS,forklift_motor_handling,,sling_damaged_kinked,near_miss
"At around 09:30 am on 17.12.2024 at GCS Lakwa, operator opened guard of fire water jockey pump to check drip from gland. Pump tripped on interlock. Drip was within limit, gland adjusted one flat. Could have splashed water on motor while leaning. Gland drip chart shown to operator. Logged.",,GCS Lakwa,gland check,,guard interlock,near_miss
"Pilot flame at the Kathalguri flare kept going off in monsoon gusts. Technician opened the pilot mixer for cleaning without closing the fuel tapping; the mixer was still fed from a small bypass branch nobody had marked. Gas brushed past his sleeve before he withdrew. Bypass traced, tagged, added to the isolation sheet.",,Kathalguri GCS,flare pilot line maintenance,,energy source list incomplete,near_miss
"Around 11:15 hrs, agitator of emulsion tank at Kathalguri GCS tank farm was under belt replacement by M/s Talap Enterprises. Starter key was left inserted in panel. Visiting driver from water tanker, waiting near panel, turned the key out of curiosity and agitator started suddenly. Belt in fitter's hand got pulled, he let go at once. Only minor scratch on palm. Gate passes and panel keys issue taken up with security, keys now kept with shift in charge only.",,Kathalguri GCS,agitator repair,,key left in panel,near_miss
An employee was cutting sausage with a knife when they sustained a laceration to their thumb.,2024-11-05,,,"4R Restaurant Group, LLC",,
"On 19.12.2025, around 23:30 hrs, at Kathalguri GCS, a M/s Jorhat Engineering fitter climbing into DG-2 exhaust duct manway lost footing when the ladder top hook lifted off its seat. He caught the manway rim with both hands and hung briefly before colleagues steadied him; tools in his pouch dropped inside the empty duct. Ladder re-seated and tied off, and a three-point-contact reminder given at the morning TBT.",19.12.2025,Kathalguri GCS,DG exhaust duct inspection,M/s Jorhat Engineering,confined-space entry control,near_miss
"An employee was pushing shopping carts in the parking lot when he tripped/slipped and fell, striking his head on the cart or the ground. The employee was [OUTCOME] with a brain bleed.",2025-04-03,,,New Albertsons Inc. dba Jewel-Osco,,
"An employee was fabricating an evaporator fixture. The fixture was sitting on a table and the employee was utilizing a hoist and chain sling hooks to elevate one side of the fixture into position to weld a piece on it. The hoist moved slightly on the bridge trolley, creating slack in the chain that caused one of the legs of the sling to come out of the square tubing. The evaporator fixture came down onto the employee's right ring finger, pinning it against the table. The employee's finger was partially [OUTCOME] and was later surgically [OUTCOME] above the knuckle.",2024-06-27,,,True Manufacturing Company,,
Small chemical drip noticed at the dosing pump gland at Hapjan GGS during morning round. Drip tray placed below and gland nut adjusted by the operator. Gloves and goggles were already worn as per rule. Tray emptied into the waste chemical drum. Dosing rate re-checked after the gland adjustment.,,Hapjan,chemical dosing,,drip tray / PPE,ua_uc_observation
"Scraper trap at Kathalguri GCS, night. Fog condensing on everything, ladder to trap platform like ice. Worker climbed with pig brush in one hand, other hand on rail, torch in pocket. Top step slipped, he swung by one arm, brush clattering down, held till attendant grabbed his wrist. Both sat on platform a minute saying nothing. Cage ladder demanded for that platform, and brushes go up by rope, not in hand.",,Kathalguri GCS,crude pipeline scraper trap,,entry during night shift without lighting,near_miss
"Today around 09:55 hrs, trailer reversing to rack with alarm dead. banksman was there but his whistle fell down when he bent. in those 5 seconds trailer came back fast. helper behind trailer heard banksman shout finally and jumped onto rack. whistle on lanyard now, not in pocket. small thing but that day it mattered fully.",,workover rig site,trailer reversing to rack,,reversing alarm dead,near_miss
"An employee was connecting a tugger vehicle to muffler dollies in order to pull them. Her left hand was on the backrest of the tugger and her right hand was on the tugger string wheel. When she backed up to connect the tugger to a dolly, her left hand was caught between the tugger and the dolly, resulting in a partial fingertip [OUTCOME].",2024-02-12,,,"Glovis Alabama, LLC",,
"An employee was working at a quench conveyor belt, pulling steel blades off the belt and placing them on the low heat belt. One of the blades fell off the quench belt onto the floor. The employee bent over to pick the blade up off the floor when another blade fell off the quench belt and struck them on the top of their head. The employee was [OUTCOME] with a brain bleed.",2024-09-30,,,Haven Steel Products Inc,,
"While doing exchanger shell side scale chipping at Naharkatiya on 19.07.2025, rain came and water started dripping on chipping tools. Man inside was using pneumatic chisel, air line became wet and slippery to hold. Chisel slipped once and hit shell wall near his hand, narrowly missed his fingers. He came out just in time stopping the air. Pneumatic tools in wet rain condition now stopped.",,Naharkatiya,exchanger pneumatic chipping,,entry during rain,near_miss
"Morning around 05:30 hrs on 23.09.2025, crew bus in fog overtook slow trailer assuming straight clear. oncoming QRT vehicle appeared from fog, both braked. stopped bumper to bumper almost. QRT was going for gas leak call, itself on emergency. fog overtaking ban order reissued to all transporters same day with GPS monitoring warning.",,Digboi,crew bus transport in fog,,fog lamps not working,near_miss
"On January 29, 2025, a medical technician was performing their duties in a patient room. As they went to leave the room, they tripped over a concrete dog statue and fell to the floor. The employee sustained a broken left hip.",2025-01-29,,,LakeHouse Sheboygan,,
"During DG-2 exhaust duct inspection at Kathalguri GCS on 26.11.2025, around 11:25 hrs, worker inside the hot duct found his tapping signals unanswered. The posted attendant of M/s Sadiya Services was gone to fetch drinking water. Worker exited on his own after several anxious minutes. Entry was suspended, attendance-at-post rule re-explained to both shifts, and a no-relief-no-entry line added to the confined-space register.",26.11.2025,Kathalguri GCS,DG exhaust duct inspection,M/s Sadiya Services,confined-space entry control,near_miss
"Fog was very thick on 18.01.2025 early morning at Duliajan GGS-2. Roustabout going to open dyke drain valve did not see open manhole of interceptor pit because barricade was removed by previous shift and not put back. He narrowly missed falling inside, torch fell down into the pit instead. Reported to shift saheb and cover fixed before day work started.",,Duliajan GGS-2,dyke drain valve operation,,no barricade at open manway,near_miss
"Fog day 13.01.2025: DG exhaust duct inspection was held at Kathalguri GCS. Worker inside duct on breathing air, his helmet lamp wire looped around hose and tightened as he moved, bending hose sharply. Flow dropped, he unwound wire and came out. Lamp shifted to helmet clip without loose wire. Loose wires inside duct hunt the life line, now known.",,Kathalguri GCS,DG exhaust duct inspection,,breathing air line kinked,near_miss
"Summer evening at Jorajan, one worker entered underground valve chamber to check passing valve. His standby was standing but busy explaining something to saheb who came for site visit. Entrant called for wrench three times, no response, came up himself and found everyone in discussion. If he had fainted inside, discussion would continue. Standby means eyes on manhole, nothing else.",,Jorajan,valve passing check in chamber,,no standby man posted,near_miss
"An employee became unwell while driving and was [OUTCOME], suffering from dehydration.",2025-08-12,,,TruGreen Lawn Care,,
"Scrap material like old gaskets, broken belts and empty grease tins were lying scattered behind maintenance shed at Jorajan. Segregation done, metal sent to scrap yard and rubber items to disposal pit as per procedure. Area cleaned and photograph uploaded in portal. Thekedar instructed to use covered bins henceforth for such waste.",,Jorajan,scrap segregation,,housekeeping,ua_uc_observation
"Lighting transformer replacement maintenance work at Naharkatiya GGS-3 on 25.08.2024. Two transformers on same H-pole, one live one dead. Dead unit's bushing to be changed. Lineman by habit started loosening the live unit's top nut — nut was hot and his spanner sparked lightly. He realised from the humming sound difference and stopped. Both units now marked with big plate and only permit-holder identifies the unit aloud before work.",,Naharkatiya GGS-3,lighting transformer replacement,,live busbar exposed,near_miss
An employee was checking the air conditioning while standing on a chair when they fell to the floor and sustained a [OUTCOME] to their hip joint.,2024-06-03,,,"The Community Place of Greater Rochester, Inc.",,
"While doing christmas tree greasing at MRN-31, panel pressure gauge read zero due to frozen gauge cock in cold morning. Bonnet loosened and pressure escaped from thread with loud hiss, narrowly missed face of fitter bending above. Gauge cock opened fully and true pressure seen. Bleeding done before continuing.",,Moran,christmas tree valve greasing,,pressure gauge reads zero but trapped pocket,near_miss
"On 21.11.2025, around 11:25 hrs, contract mazdoor of M/s Jorhat Engineering entered DG-3 exhaust duct at Kathalguri GCS against the two-hour cooling note on the permit. Inside he felt the grating hot through his boots and came out within minutes with reddened hands from touching the wall for balance. Job stopped and rescheduled. Supervisor reminded that shutdown time is not cooling time; temperature strip now pasted at the manway.",21.11.2025,Kathalguri GCS,DG exhaust duct inspection,M/s Jorhat Engineering,confined-space entry control,near_miss
"During transformer pit work at Digboi, the attendant took a long phone call near the DG set. electrician inside came out unheard and unannounced. DG area phone use banned during entries. noise excuse rejected in the review.",,Digboi,transformer pit maintenance,,attendant on phone,near_miss
"An employee was riding from the second floor to the third floor in a freight elevator. When the elevator stopped, the doors did not fully open. The employee pushed the door up from inside the elevator. When the door opened, the bottom part got stuck and was not flush with the floor. The employee stepped out of the elevator and tripped over the bottom of the door. The employee fell to the floor and was [OUTCOME] with [OUTCOME] to both arms.",2024-12-14,,,Hersha Hospitality Management,,
"12.11.2025, around 15:10 hrs: breathing air line of contract fitter of M/s Kalita & Sons inside DG-3 exhaust duct at Kathalguri GCS was pinched where it crossed the access ladder rung and flow dropped to almost nothing. He crawled back to the manway just in time, face black with soot. Standby man raised the alarm only after he came out. Line rerouted overhead the same shift and pre-entry line-stretch check added to the permit attachment.",12.11.2025,Kathalguri GCS,DG exhaust duct inspection,M/s Kalita & Sons,confined-space entry control,near_miss
"On 26.11.2025, around 23:30 hrs, at Kathalguri GCS, the standby man posted for DG-2 exhaust duct entry by M/s Sadiya Services was found sitting on the blower skid scrolling his phone, out of hearing of the worker inside. The entrant had to come to the manway himself to attract attention. Entry stopped and the standby changed. Standby-duty card printed in Assamese and Hindi and clipped to every permit.",26.11.2025,Kathalguri GCS,DG exhaust duct inspection,M/s Sadiya Services,confined-space entry control,near_miss
"Transformer lift at Baghjan EPS substation. The lifting plan copy in crane cabin was of earlier job, different transformer weight. Operator following old radius limits. HSE compared with permit and found mismatch. Correct plan brought from office. Plan revision control now strict, old copies stamped cancelled and removed from cabins.",,Baghjan EPS,transformer lift at substation,,center of gravity misjudged,ua_uc_observation
"Power house sump at Jorajan, ladder inside found with rungs missing at bottom two positions, rusted away in sludge line. electrician almost stepped into gap in dark sump, caught handrail just in time. torch was with him luckily. ladder extended and replaced, permanent light fitting demanded for sump.",,Jorajan,sump pump maintenance,,rotted ladder rungs,near_miss
"Contract technician was replacing the vibrating fork level switch on the surge drum at Kathalguri GCS around 09:40 hrs. Drum was in service, only the switch nozzle valve was closed by hand feel, no lock. Valve was passing and liquid pushed the switch out when the last thread opened. It fell on his boot toe and rolled. Boot took the load, toe safe. He sat quietly for five minutes. Nozzle valve replaced in next shutdown and locking enforced.",,Kathalguri GCS,instrumentation on live line,,LOTO not applied,near_miss
"An employee was on the back of a box truck, working to maneuver a roto tiller away from the metal tool rack that hangs on the walls of the truck. His left ringer fingertip became pinned/stuck between the metal handle of the roto tiller and the metal tool rack, resulting in [OUTCOME] of the fingertip.",2025-04-21,,,"Hicks Nurseries, Inc.",,
"On 06.03.2025 at about 14:15 hrs, crane carrier moving slowly through Balijan village road. One old man on bicycle came from side lane directly in front. Hard braking done. Carrier's hook block swung and hit roadside jhopdi lightly. Driver without seatbelt hit steering wheel, minor pain only. Old man fell on his own but got up and walked away. Could have been much worse for him. Reported to site engineer.",,Baghjan road,crane carrier on village road,,no seatbelt,near_miss
"Roof sheet bundle lifting at EPS by crane to pump house roof. Bundle landed partly on roof edge, sheets slid toward edge, one sheet overhanging. Worker went near edge to push it back without clipping. Held him back by shout. Sheet secured by crane again. Never approach load near edge unsecured. Signalman briefing improved for such lifts.",,Baghjan EPS,roofing sheet replacement,,unsecured load at roof edge,near_miss
"Foggy morning at Digboi, around 06:50 hrs, one electrician entered the transformer pit for a thermography point without gas test. cold dense vapour sat low in the pit. he felt throat irritation and came out. fog also delayed the attendant seeing him go in. double lapse, both addressed.",,Digboi,transformer pit maintenance,,entry without gas test,near_miss
"An employee had dumped a load of hot mix (tar) and was cleaning the interior walls of a belly dump trailer onsite. The employee was scraping the walls of the trailer when the doors articulated, breaking the securement pin and pinching the employee's legs. The employee sustained crushing [OUTCOME] and [OUTCOME] tendons and arteries to both legs and was [OUTCOME].",2025-09-13,,,H and F Trucking,,
"On 25.11.2024 around 20:40 hrs, night bus overtaking trailer before narrow culvert near Tingrai met oncoming state bus with high beam. our driver blinded, swerved left to soft shoulder after rain. bus tilted, passengers on left window side slid from seats. bus recovered back on road. high beam plus narrow bridge plus rain is worst mix. eye check of drivers also pending.",,Digboi,crew bus transport,,road edge soft after rain,near_miss
"While returning from EPS around 16:35 hrs, our jeep followed tractor trolley which suddenly reversed few feet to adjust turning at narrow curve. jeep was close behind, almost touched trolley rear beam. no reverse lamp, no helper guiding. jeep driver braked and handbrake pulled. trolley driver did not know vehicle behind at all. horn use also less by our driver accepted.",,Duliajan GGS-2 loading area,site vehicle movement on village road,,no tail lamp or reflector,near_miss
"Water cooler at Kathaloni shift room was found with the drain pipe cracked and water dripping near the electrical socket. Cooler shifted, pipe replaced and the socket area dried fully. Drip near a socket is a bad combination, explained to the staff. Cooler moved away from the socket wall.",,Kathaloni,shift room appliance,,good catch / repair,ua_uc_observation
"On June 13, 2025, an employee was installing perimeter angle on top of a steel beam. He welded a short piece in place and started installing the next longer piece. He butted the two pieces together, put a weld at the joint and started to move down the angle. As he was moving down the angle, he lost his footing, grabbed the angle, and it broke loose. He then fell backward off the beam and landed on a concrete slab 14 feet below. The employee sustained [OUTCOME] to his upper right arm and a dislocated right elbow.",2025-06-13,,,"White Hawk, Inc.",,
Drill conducted at Digboi telecom tower on 21.05.2025 with scenario of climber suspended after fall from antenna level with wrongly worn harness. QRT attended. Found during drill that QRT vehicle ladder cannot reach even half of tower height and tower rescue kit training expired for two members. Refresher scheduled and one more trained rescuer added per shift. Drill report sent to Duliajan head office HSE.,,Digboi,antenna/lighting mast at telecom tower,,PFAS inspected but wrongly worn,drill
"Glycol contactor internal inspection at Kathalguri GCS. Entrant and attendant had agreed pull signals but entrant changed position behind baffle where rope angle made pulls weak. His two emergency pulls never reached attendant's hand. When he climbed back near manway on his own, attendant was casually sitting, unaware anything was wrong. Entrant was angry and right. Rope re-routed through pulley at manway so pull direction stays direct from any tray level.",,Kathalguri GCS,glycol/methanol skid vessel,,communication failure inside vessel,near_miss
"On 18.06.2024 at Kathalguri GCS, grinding close to the crude tank dike going on. Fire blanket spread but it was small size covering only half the spark zone. Spark fell outside blanket on dry grass. Grass caught. Doused. Blanket size to cover full spark zone plus margin, told gang. Two blankets now issued for grinding jobs. Spark zone marking on ground with chalk now done before blanket placement. Good practice photo taken for training.",,Kathalguri GCS,grinding near crude tank dike,,fire blanket not used,near_miss
"Grease dropped on the stair step from the bearing job upstairs. Cleaner called immediately and the step scrubbed with sand. Job fellows briefed again that drip tray goes under the work, not beside the work.",,Hugrijan,maintenance job supervision,,step cleaned and briefing done,near_miss
"Kathalguri GCS DG exhaust duct inspection was carried out on 21.03.2025. Air hose of breathing set had old repair joint, tape wrapped. Inside duct, tape softened from warm surface, joint rotated and kinked hose. Flow choked. Worker felt it early, crawled out fast. Repaired hose condemned on spot, only certified hoses allowed now. Small tape, big choke.",,Kathalguri GCS,DG exhaust duct inspection,,breathing air line kinked,near_miss
"An employee was using a metal pole to hang Christmas lights on a tree outside of a facility. The metal pole touched an electrical line, causing the employee to be shocked and [OUTCOME].",2025-11-19,,,Hampden Hills Post Acute,,
"Glycol vessel at Kathalguri GCS, ventilation air mover running, but the duct blew out of the manway collar and lay on platform pumping fresh air to the sky. Inside entrant felt the air go still and warm after some minutes, called up, attendant had assumed venting is ongoing seeing the machine running. Duct refitted with clamp and lanyard. A running machine is not proof of a ventilated vessel; feel the air at the exhaust.",,Kathalguri GCS,glycol/methanol skid vessel,,communication failure inside vessel,near_miss
"At about 1:20 a.m., on February 1, 2024, an employee was using a circular saw to cut a metal panel for a box. The saw [OUTCOME] the employee's right little finger above the first knuckle.",2024-02-01,,,Penske Truck Collision Repair Toledo,,
"During night inspection of DG-1 exhaust duct at Kathalguri GCS on 21.11.2025, around 19:45 hrs, the intrinsically safe hand lamp of the M/s Jorhat Engineering helper flickered out deep inside the duct and the spare was inside the locked toolbox of the absent foreman. He waited against the wall and guided himself out along the air line. Lamp-plus-spare check made a signed permit line item; two more EX-rated lamps procured for the GCS.",21.11.2025,Kathalguri GCS,DG exhaust duct inspection,M/s Jorhat Engineering,confined-space entry control,near_miss
An employee arrived at a client's home to pick them up. They were walking to the the front door when they slipped on ice and fell on the ground. The employee sustained a [OUTCOME] to their right leg above the knee.,2025-02-19,,,"Pinnacle Car Services, Inc.",,
"415V panel at Duliajan GGS-2 on 02.04.2025. Feeder MCB replacement in lighting DB. DB main switch OFF but neutral link live from other circuit sharing neutral bar. Wireman touched neutral bar and earth wire together, felt shock through damp shoes. Neutral isolation also now done for DB work, rubber mat kept in front of all lighting DBs.",,Duliajan GGS-2,electrical panel 415V work,,second feed back-energizes,near_miss
"Scaffold at GGS-2 near the christmas tree of well H: erector used the wellhead handwheel to step up for fixing top clamp. Handwheel can rotate, also it is operational equipment. One turn and his foot goes. Stopped, proper ladder used. Wellhead equipment never to be used as access, told clearly to all erection gangs at Duliajan.",,Duliajan GGS-2,scaffold erection,,stepping on wellhead equipment,ua_uc_observation
"At around 08:10 hrs on 23.01.2025, one HMV carrying drilling material to Baghjan took the shortcut through the school road near Balimara to avoid the highway jam. School gate was just opening and children were coming in groups. HMV driver used pressure horn continuously and children scattered to both sides of the narrow road. One small girl dropped her tiffin and sat down crying. Teachers complained at our gate. HMV movement on school road during school hours completely banned from today, barricade timings fixed.",,Baghjan,HMV transit through school zone,,no night-driving restriction compliance,near_miss
"An employee was working from a ladder attached to cable lines 18 feet above the ground when the cable detached and they fell with the ladder to the ground. They sustained [OUTCOME] to their arm, ribs, and face.",2024-03-14,,,Charter Communications,,
"An employee was loading material/equipment onto a track loader bucket. While securing a strap to the equipment, his hand was caught between the track loader bucket teeth and the equipment, resulting in a left finger [OUTCOME].",2024-03-21,,,FCS Construction LLC,,
"On July 20, 2025, an employee was descending a fixed ladder when he fell approximately 7 feet to the floor below, landing on his left leg. The employee was [OUTCOME] with a [OUTCOME] left tibia and tears to the posterior cruciate and anterior cruciate ligaments in the left knee.",2025-07-20,,,"Solenis, LLC",,
"Contract fitter Dulu was greasing the agitator top bearing at Kathalguri GCS CTF around 16:45 hrs. Agitator stopped locally, no lock, auto on timer. Timer started the agitator and the shaft jerk threw the grease gun from his hand into the tank bund. He held the railing tight. Few inches from the coupling, his sleeve was. Timer schedule changed to manual during any maintenance and lockout applied before touching the bearing.",,Kathalguri GCS,agitator repair,,LOTO not applied,near_miss
"On 02.12.2025, around 11:25 hrs, at Kathalguri GCS, a M/s Purbanchal Services fitter climbing into DG-3 exhaust duct manway lost footing when his boot sole slipped on a soot film. He caught the manway rim with both hands and hung briefly before colleagues steadied him; tools in his pouch dropped inside the empty duct. Ladder re-seated and tied off, and a three-point-contact reminder given at the morning TBT.",02.12.2025,Kathalguri GCS,DG exhaust duct inspection,M/s Purbanchal Services,confined-space entry control,near_miss
"415V panel at Kathalguri on 15.05.2025. Panel incomer busbar PT fuse blown. New fuse inserted with fuse puller but the PT primary side was connected to live bus and fuse clip grip was loose — fuse fell into the live chamber. Puller used again to fish it, puller jaw touched phase to earth. Flash. Chamber isolated and fuse retrieved. Fuse checking now only with chamber dead.",,Kathalguri,electrical panel 415V work,,live busbar exposed,near_miss
"A storage silo imploded due to catastrophic failure and it collapsed, releasing 3,500-3,700 tons of fly ash which struck a 20- x 40-foot shipping container with maintenance supplies. When the silo collapsed, the [OUTCOME] employee was working near the container and was knocked to the ground. The shipping container was pushed onto their right arm, catching it between the container and the ground. The arm sustained an [OUTCOME] that resulted in [OUTCOME].",2024-05-06,,,Eco Material Technologies Inc.,,
"During a shift change, an employee was showing another employee a potential issue on a conveyor line of potatoes that go out of the warehouse to the trucks. The employee reached under the conveyor with his hand. His finger was pulled into the conveyor sprocket and [OUTCOME].",2024-01-21,,,RD Offutt Farms,,
"An employee was on an elevated surface while cutting joints in a bridge deck. The blade on a walk-behind saw was pinched by rebar, causing the employee to fall over the edge to a false decking. The employee fell on a concrete saw, resulting in a lacerated right bicep.",2025-11-18,,,Concrete Cutting & Breaking Co.,,
"During crude transfer at GGS-2 Naharkatia on 14.10.2024, operator saw pump seal leak increasing drop by drop to thin stream. Pressed e-stop and changed over to standby pump. Seal replaced in two days. Could have become spray near hot surface. Standby pump readiness appreciated. Reported.",,GGS-2 Naharkatia,crude transfer,,emergency stop,near_miss
"On June 14, 2024, two employees were moving a water trailer with a loader and an attachment. The attachment was stuck. The employees used a bar to free it and the loader fell on one employee's left foot, crushing a toe.",2024-06-14,,,John Burns Construction Company of Texas,,
"While doing fuel gas scrubber drain modification at Kathalguri GCS, welder was welding new drain connection. Gas detector showed 20 percent LEL near the weld point because passing inlet valve was leaking gas into scrubber. Welding stopped immediately. Scrubber was not positively isolated, single block valve only. Welding done after blinding.",,Kathalguri GCS,fuel gas scrubber drain valve maintenance,,single block valve on gas service (no DBB),near_miss
"On July 25, 2025, at 11:21 a.m., an employee was sitting underneath the forks of a forklift while performing maintenance on the forklift when the forks dropped onto them, resulting in a broken femur.",2025-07-25,,,"Stahl-Meyer Foods, Inc.",,
A gap under the fence near rig site KTK-39 mud pump shed was noticed where a porcupine dug through. the hole was repaired with new wire netting on 4 July and patrol rounds doubled for 4 fortnight. wire tension checked again on 4 July 2025. Report sent to installation manager.,,rig site KTK-39,fencing repair,,none,ua_uc_observation
"N2 purged vessel at Kathalguri GCS. Retrieval line snap hook was gate-type with a worn spring; during trial, hook sprang open when the line twisted, dropping the dummy two feet to the tray, clang echoing inside. Dummy, not a man; everyone exhaled. Self-locking hooks issued, gate-type collected and scrapped. A spring that costs forty rupees was sitting between a man and a two-storey tray fall.",,Kathalguri GCS,N2-purged vessel,,harness attached to weak point,near_miss
"At around 10:05 hrs on 19.01.2025, stairway welding at Kathalguri GCS tank farm. Welder took machine return on the stair grating which was aluminium type grating on steel frame. Aluminium grating is poor conductor for welding current. Arc unstable and grating heated at clamp. Return shifted to steel frame directly. Aluminium looks like steel but behaves different, told welder. Material identification before clamping now emphasized. Grating checked for damage, found okay.",,Kathalguri GCS,welding repairs on tank farm stairway,,weld machine earthing on pipeline,near_miss
"Slug catcher pit at Digboi, access ladder top rung came off with rust when supervisor grabbed it for balance. he was standing at edge, could have gone in backward 5 metre. grabbed handrail post just in time. ladder bracket fully eaten by condensate drip corrosion. new SS ladder fixed, drip tray also.",,Digboi,slug catcher pit inspection,,rotted ladder rungs,near_miss
"At around 22:10 hrs on 30.05.2025, lightning arrestor operated at GGS Balimara substation and supply dipped. UPS carried RTU and wellhead telemetry of four wells without break. Well data logging continued. Could have lost well data for the night. Arrestor checked and found ok. Reported to electrical section.",,GGS Balimara,well telemetry,,UPS,near_miss
"21.11.2025, around 06:40 hrs: inside DG-3 exhaust duct at Kathalguri GCS, the worker brushed past a hanging soot flap and the M/s Jorhat Engineering worker was enveloped in a black cloud with visibility reduced to nothing. He stayed low, followed the air line back and came out coughing, eyes watering. Shower used and first aider checked him. Positive ventilation rate increased and crown-tapping check added before entry.",21.11.2025,Kathalguri GCS,DG exhaust duct inspection,M/s Jorhat Engineering,confined-space entry control,near_miss
"At Kathalguri GCS around 16:30 hrs, compressor K-405 discharge valve and lube oil pump jobs ran parallel. Group lockout box was in use at the other unit. Lube gang finished and removed the common electrical lock for their trial while valve gang had the cover off. Trial made the compressor turn over once as coupling was engaged. Valve cover fell on the floor from the bench. Nobody touching at that moment luckily. Parallel job trials now need both gang leaders at the panel.",,Kathalguri GCS,compressor valve replacement,,group lockout box missing,near_miss
"Thermic lancing on seized flange near christmas tree of Well NHK-271 on 04.12.2024, 08:35 hrs. Slag collected below on steel plate. After job, plate looked cold from top but bottom side still hot. Helper lifted with glove but hot bottom burnt through glove slowly. He dropped it, no skin contact luckily. Water quenching of slag plate made standard. Well service engineer informed.",,Well NHK-271,thermic lancing on stuck flange,,no standby extinguisher,near_miss
Oil stained gunny bags used as temporary mats near Naharkatiya pump house were replaced with proper rubber mats. Gunny bags sent for disposal. Pump house floor now stays dry and clean. The slip point near the suction valve removed fully by the new matting arrangement.,,Naharkatiya,pump house,,anti-skid matting,ua_uc_observation
"A Merit Logistics employee was pushing an egg crate out of a trailer. While working to get it over the lip of the dock, she lost her footing. Crates fell on her, breaking her tibia.",2025-09-09,,,"Merit Logistics, LLC",,
"Employees were drilling a hole through a brick-and-mortar fa ade so that conduit could be run into the building. A hammer drill began to wobble as it was used to bore the hole. An employee went to steady the drill and the drill bit caught and twisted their glove, causing an [OUTCOME] to their right middle finger.",2025-08-12,,,"Connecto Electric, Inc.",,
"Oily water separator pit at Dumduma. Communication rope was there but entrant clipped it to his tool belt instead of harness D-ring, easier to reach he said. During a slip his tool belt tore off and went into sludge, rope with it. He caught the pit ladder himself. Clips go to D-ring only, no convenience attachments.",,Dumduma,OWS pit rope tool belt clip,,communication rope missing,near_miss
"Night of 11.10.2024, around 23:20 hrs. A driver as luck had it, that had disabled the speed lock by sheer chance, to hurry a material delivery missed a parked, unlit tractor on the Moran field road till the last instant. Braking from far also fast, he clipped it. The owner came out of a adjacent house. Majority of as luck had it, mornings at that point, that farm by sheer chance, farm farm tractor on the spot, carries protruding iron just at that point, at that time, rods for the just at that time, market — at speed, at that hr, at that hour, rods like that come through a on the spot, on the spot, windshield. The tampering was admitted. The governor was refitted and the driver got a warning; unlit parking was separately complained about.",,Moran field roads,light vehicle on lease road at night,,speed governor bypassed,near_miss
"An employee was operating a cart in the maintenance area when his foot became caught between the cart and a shelf, resulting in a [OUTCOME] foot.",2024-09-04,,,AmerisourceBergen Drug Corporation,,
"Around 06:50 hrs on 09.04.2025, mobile crane crossing the market stretch near Tinsukia Chariali had its hook block swinging free because it was not tied to the bumper hook. Hook hit one shop awning pole and bent it, then hit one parked scooter and broke its mirror. Shopkeeper came out shouting. Rigger had left the hook loose after morning greasing and forgot. Crane escorted out of market and hook tie-down checking added to pre-transit list. DGMS guideline copy pasted in crane cabin.",,Tinsukia-Duliajan road,mobile crane transit,,no IVMS,near_miss
"During flare line clamp welding at Baghjan EPS on 22.07.2024, monsoon rain had made the whole area waterlogged. Welding machine was kept on wooden plank but cable joint was lying in water. Helper almost touched the joint while shifting the electrode holder. Luckily he pulled back hand. Job stopped, cable re-routed on stand, permit condition rechecked. Matter reported to shift in-charge.",,Baghjan EPS,flare line welding,,no standby extinguisher,near_miss
An employee was using a step ladder to get product from the backroom when they fell backward off the ladder to the floor. The employee was [OUTCOME] with a [OUTCOME] pelvis.,2025-03-04,,,Cosentinos Price Chopper,,
Shift log GGS Tengakhat dated 06.09.2024: heavy monsoon night. Flare KO drum boot level rising due to rain ingress through stack seal. Boot drained to slop twice in shift. Stack seal inspection added to next shutdown scope.,,GGS Tengakhat,shift log,,routine inspection,ua_uc_observation
"Induction of 10 new mazdoor at CTF Duliajan on 23.01.2025 by safety officer with thekedar present. Site hazards explained in simple Hindi: moving crane, hot pipe, deep pit. PPE issued and fitting checked. Muster point walk done. Each worker signed the induction register.",,CTF Duliajan,induction training,,PPE fitting,ua_uc_observation
"An employee was standing on the side bar of a truck when it drove forward and turned into the car wash entrance. The employee fell off the truck, struck his head on the pavement, and sustained a skull [OUTCOME].",2024-11-19,,,"Sapp Brothers, Inc.",,
"During glycol reboiler burner tip replacement at Baghjan EPS on 06.03.2025, new tip was being threaded when gas smell came strongly. Pilot gas line was still connected and passing. Tip connection was open to atmosphere. All moved out, line isolated. Pilot gas was forgotten because it comes from different manifold than main gas. Energy source list now shows both.",,Baghjan EPS,glycol reboiler burner maintenance,,energy source list incomplete,near_miss
"Thermic lancing of stuck flange on gas lift line near wellhead of Well M-209 Moran, 15.10.2024, 09:50 hrs. After lancing, flange gasket area showed small vapour leak when line pressurized for testing. Test stopped, line depressurized, gasket replaced. If leak had come during lancing, flame would have found gas. Test pressure decision after hot work was correct sequence. Production engineer informed.",,"Moran, Well M-209",thermic lancing on stuck flange,,residual hydrocarbon in equipment,near_miss
"An employee was changing the location of bolts that held a metal plate on the top of a car wash conveyor. His thumb became stuck between a part of the equipment and a roller on the conveyor. He sustained a [OUTCOME] to the right thumb just above the base knuckle, resulting in an [OUTCOME].",2025-10-03,,,"Club Car Wash Operating, LLC dba Club Car Wash - Edwardsville",,
"During reception duty review on 26.11.2025, receptionist at township office found standing entire morning shift on hard floor; no anti-fatigue mat or sitting arrangement during visitor gaps. Mat provided and high stool kept behind counter. Duty hours rearranged to include sitting period between visitor timings.",,Duliajan Township Office,reception duty ergonomic check,,ergonomic workstation,ua_uc_observation
A python was sighted near the scrap yard of flowline ROW KM 13 culvert. kept safe distance and informed QRT at 02:50 hrs. patrol log updated at 02:50 hrs the same night. Discussed in next toolbox talk.,,flowline ROW KM 13,vegetation/wildlife,,none,ua_uc_observation
"Instrument cable laying at GGS-2 pipe rack, fitter walking on the top flange of the rack beam carrying cable coil on shoulder. Rack top fully open, 7 m to ground. He has done this for years he said. Years of luck is not a control measure. Brought down, work rescheduled with mobile elevated platform. Repeated violation, contractor called.",,Duliajan GGS-2,ladder work on instrument cables,,walking on beam at height,ua_uc_observation
"Glycol vessel at Kathalguri GCS. Retrieval system tripod head pin was held by a hairpin clip instead of proper locking pin, done in hurry. During practice hoist, clip sprang off and head pin worked half out, tripod wobbled. Dummy load swayed. Correct pin brought from store, fit, checked. Hairpin clip is for hair, rigger said, not for retrieval. Everyone remembered the line.",,Kathalguri GCS,glycol/methanol skid vessel,,harness attached to weak point,near_miss
"At around 10:35 hrs at rig #7, mud pump suction manifold was lifted by crane with slings on pipe body, manifold had loose blanking plate inside. Plate slid during lifting and fell out from open end, hit the ground near mud tank. Plate weighed 8 kg, fell from 12 feet. Nobody below fortunately, area was barricaded for lift. Open ends checked for loose internals before lifting, blanking plates removed or secured. Manifold installed without further issue that day.",,workover rig #7,crane_manifold_lift,,no_lifting_plan,near_miss
"While replacing mechanical seal of lean oil pump at Kathalguri GCS around 11:30 hrs, only tag was tied on the supply valve because padlock was broken. Store issued new lock but helper forgot to bring it. Operator on routine check opened the supply valve seeing pump idle. Oil flooded the open casing and fitter's hand was inside. He pulled out soaked hand, no cut from the impeller by chance. Lock fixed immediately, broken-lock reporting made same-day must.",,Kathalguri GCS,pump maintenance,,tag without lock,near_miss
"During mud pump discharge dampener connection tightening at rig #7, trapped pressure pocket behind one plug released suddenly and plug flew across pump room, narrowly missed skull of passing mud engineer and hit the wall. Plug had no vent hole. Vent type plugs procured for dampener.",,Workover Rig #7,mud pump liner change,,pressure gauge reads zero but trapped pocket,near_miss
"On 19.12.2025, around 19:45 hrs, at Kathalguri GCS, the standby man posted for DG-2 exhaust duct entry by M/s Jorhat Engineering was found wearing both ear-muffs against the pump noise, out of hearing of the worker inside. The entrant had to come to the manway himself to attract attention. Entry stopped and the standby changed. Standby-duty card printed in Assamese and Hindi and clipped to every permit.",19.12.2025,Kathalguri GCS,DG exhaust duct inspection,M/s Jorhat Engineering,confined-space entry control,near_miss
An employee was painting a gazebo when he fell 10 feet from the top of the gazebo. The employee sustained a [OUTCOME] arm. Fall protection was not in place at the time.,2025-02-05,,,Nassal Construction Inc.,,
"Mock rescue exercise at Kathaloni CPF on 01.10.2024. Scenario dummy person inside dyke area, retrieved using ladder and rope. QRT response 2 min 40 sec. Safety harness of one rescuer found with faded tag, replaced from store. Exercise only, photos for safety month display.",,CPF Kathaloni,mock rescue exercise,,safety harness,drill
"An employee had been cribbing/chocking wood between layers of pipe on a rack. When the last layer of material was loaded on the rack, the employee noticed the last joint was crooked and began to manually adjust the pipe (5 1/2 inches wide, 46 feet long) into place. The pipe slid off, causing the material to strike the employee's lower right leg. The leg was broken in the shin area.",2025-09-08,,,Tenaris   Mesa Drive facility,,
"Today around 18:20 hrs, our crew van was behind a bullock cart on a narrow road near GGS-2. cart stopped and the two animals started fighting each other, cart shaking side to side. van reversed back to wider portion. one scooter behind van also reversed. animals settled after 5 minutes. nobody tried to go near. animal behaviour nobody can predict, distance only answer.",,Duliajan GGS-2 loading area,crew van movement on village road,,stray animal on road,near_miss
"Glycol vessel at Kathalguri GCS, attendant also issuing tools from the job tool box, turning his back to manway each issue. Entrant signalled for retrieval as his glove was trapped under a slipped tray edge he was refitting; no response, he worked the glove off finger by finger, left it, came up one-gloved. Glove retrieved next entry. Tools issued before entry, or by a second man. The glove stayed behind like a resignation letter.",,Kathalguri GCS,glycol/methanol skid vessel,,attendant doubled as worker,near_miss
"While unloading drill pipe at Well JJM-12 around 11:40 hrs today, pipe bundle strap cut under tension when side post removed early. three pipes rolled off toward walkway side. pump man washing hands at tap heard the roll and ran behind tank. pipes stopped against walkway kerb. post removal sequence now painted on trailer with arrows.",,workover rig site,drill pipe unloading,,load unsecured,near_miss
"Power house UG sump at Naharkatiya: monsoon night, backflow from yard drain filled sump while pump on maintenance, mechanic inside coupling the shaft. water to thigh in ten minutes. he climbed out leaving tools, just in time. tools recovered next day. man recovering tools is much harder. NRV on drain line.",,Naharkatiya,sump pump maintenance,,water ingress during entry,near_miss
"Foggy morning 19.12.2024, about 06:50 hrs. Dispatched to Moran field without a journey plan. Near the level crossing the driver missed the fog diversion and tailgated a truck that was equally lost; both ended up at the closed crossing gate in thick fog. Turning around in that pocket, our rear slid into the crossing-side drain; the truck pulled us out with a chain. A train at that moment does not bear thinking about. Fog diversion maps now live in every vehicle door pocket.",,Moran field roads,night driving in fog,,journey management plan absent,near_miss
"Jorajan, receiver support saddle repair. The receiver was drained of air but still held a sloshing load of oily condensate, and when the fitter cut the corroded saddle bracket free, the vessel shifted a few millimetres on its remaining support, the weight of liquid making it unpredictable. The bracket snapped away and the receiver settled with a groan. His hands were off the saddle by then. Condensate drained fully and vessel chocked before support work now.",,Jorajan,receiver saddle bracket repair,,gravity/suspended energy not chocked,near_miss
"One afternoon at Naharkatiya on 09.09.2025, staircase railing straightening with chain block tied to roof nozzle. Fitter applying force on railing while standing with back to open edge. Chain block hook slipped from nozzle and railing sprang back. He fell backwards towards edge, stopped by luck against stair post. Chain block anchoring to process nozzle itself was wrong. Proper anchor pad eye fitted on roof for such pulling jobs afterwards.",,Naharkatiya,tank farm staircase repair,,working at edge without barricade,near_miss
"04.11.2025, around 06:40 hrs: breathing air line of contract fitter of M/s Sadiya Services inside DG-1 exhaust duct at Kathalguri GCS kinked sharply at the damper plate and flow dropped to almost nothing. He felt the flow stop early and reversed out himself. Standby man raised the alarm only after he came out. Line rerouted overhead the same shift and pre-entry line-stretch check added to the permit attachment.",04.11.2025,Kathalguri GCS,DG exhaust duct inspection,M/s Sadiya Services,confined-space entry control,near_miss
"19.12.2025 at Kathalguri GCS, around 15:10 hrs: during DG-4 exhaust duct soot cleaning by M/s Jorhat Engineering, agreed rope-tug signals from inside were missed twice because of the nearby air compressor at full load. The worker inside kept working unaware. Miss discovered when attendant pulled the rope and felt no return tug. Entry halted, worker brought out safely, and a battery klaxon line now rigged for all duct entries.",19.12.2025,Kathalguri GCS,DG exhaust duct inspection,M/s Jorhat Engineering,confined-space entry control,near_miss
"CP rectifier at Duliajan GGS-2 on 28.02.2025. Anode bed resistance measurement near flare pit side. Long test lead stretched across gravel road and one pickup truck drove over the lead, pulling the instrument off the stand. Technician caught instrument but lead plug came near his face. Road crossing boards now placed, second person posted as road watch during measurement.",,Duliajan GGS-2,cathodic protection rectifier,,arc-flash boundary not marked,near_miss
Instrument air header pressure at GGS-1 Duliajan dropped to 6.1 kg/cm2 during start of second air compressor loading cycle. Pressure switch chatter seen on recorder. Unloader adjusted by compressor technician. Header steady at 7.0 now.,,GGS-1 Duliajan,process monitoring,,pressure switch,ua_uc_observation
"Ladder work at GGS-4 for instrument air regulator above the compressor canopy. Ladder top resting on thin canopy sheet edge. Sheet bent under load while fitter was mid ladder. He came down immediately. Ladder repositioned to the structural frame with extension. Canopy sheet is not structure, same lesson as gutter and vent neck. List of non-anchors circulated.",,Duliajan GGS-4,ladder work on instrument cables,,ladder resting on sheet edge,near_miss
"When doing hot tap tie-in welding on produced water line at GGS-4 on 20.09.2025, found in pre-job checking that the welding machine was kept inside the dike area of adjacent tank for shade. Machine fuel cap was loose, fuel smell was there. Machine shifted outside dike and fuel tightened. Fuel inside dike near hot work is double risk, told gang. Machine placement now outside dike always. Fuel cap check added in machine daily inspection.",,GGS-4,hot tap on produced-water line,,combustible material within 10m,ua_uc_observation
"On 15.12.2025 at Kathalguri GCS, around 06:40 hrs, entry into DG-3 exhaust duct by M/s Brahmaputra Enterprise began although the calibrated meter was sent for repair and not replaced. Ten minutes in, the rescue-tripod rigger questioned it and the entry was aborted. Follow-up test showed oxygen at the duct floor below normal near the far end. No-test-no-entry strictly enforced and a second meter kept charged at the GCS panel.",15.12.2025,Kathalguri GCS,DG exhaust duct inspection,M/s Brahmaputra Enterprise,confined-space entry control,near_miss
"An employee fell from a 3-foot step stool to the ground, resulting in a [OUTCOME] left hip.",2024-04-04,,,Harrah's Resort Southern California,,
The no-smoking board at the CTF Duliajan tank dyke entrance had peeled paint and the red circle was barely visible. Found during the monthly HSE round. A new aluminium board was fixed at the same post. No smoking violation had occurred there. All dyke entrance boards in the area checked together.,,CTF Duliajan,signage inspection,,safety signage,ua_uc_observation
"04.11.2025, around 11:25 hrs: inside DG-3 exhaust duct at Kathalguri GCS, a slab of baked soot fell from the duct crown and the M/s Sadiya Services worker was enveloped in a black cloud with visibility reduced to nothing. He stayed low, followed the air line back and came out coughing, eyes watering. Shower used and first aider checked him. Positive ventilation rate increased and crown-tapping check added before entry.",04.11.2025,Kathalguri GCS,DG exhaust duct inspection,M/s Sadiya Services,confined-space entry control,near_miss
"An employee was helping remove a dead animal from a barn. A truck was backing up to the barn to retrieve the body, and its lift platform pinned the employee's leg against the barn. The leg was [OUTCOME] lacerated and the employee was [OUTCOME], requiring [OUTCOME].",2024-12-09,,,Smithfield Hog Production,,
"Christmas tree lifting at Well NHK-81 during workover. Afternoon, wind calm but thunder heard far away. Crew discussed, decided to continue as sky clear overhead. Twenty minutes later, gust front arrived suddenly, tree swinging at height. Emergency lower done. Weather can change fast in this season. Distant thunder now treated as wind warning, lift paused and monitored.",,Naharkatiya,christmas tree lifting during workover,,wind above limit,near_miss
Yesterday evening around 18:20 hrs forklift with raised forks was travelling across GGS-2 loading area. forks almost touched head of driver of parked pickup who came out suddenly from cabin. fortunately he bent down just in time. travelling with raised forks is regular habit here. warned forklift agency M/s Radha Transport second time.,,Duliajan GGS-2 loading area,forklift yard travel with raised forks,,pedestrian walkway not demarcated,near_miss
"N2 purged vessel at Dumduma, tripod winch rope was tied off to nearby staircase handrail as extra security. Handrail was aluminium, decorative type. During rescue drill with dummy, handrail bent like banana at first real pull. Dummy hung halfway. Everyone went quiet. Steel structure column used after. Drill exposed it; better the dummy than our fitter, the safety officer said.",,Dumduma,N2-purged vessel,,harness attached to weak point,near_miss
"Lighting transformer replacement at Digboi on 03.08.2024. During backfilling of pole pit, earthing conductor of transformer found cut and ends left near LT bushing. When transformer energized for testing, helper standing in waterlogged pit holding the earth wire end felt strong tingling. Supply switched off immediately. Earth continuity made proper with crimped joint, pits kept dewatered before testing.",,Digboi,lighting transformer replacement,,second feed back-energizes,near_miss
"During calibration of demulsifier pump at Kathalguri GCS, fitter's thumb came between coupling and guard slot while checking alignment with pump in inch mode. Inching was done by helper on shout from fitter but a third person also pressed the button. Thumb grazed, first aid given. Could have been much worse. Inching not covered in permit isolation steps.",,Kathalguri GCS,chemical dosing pump calibration,,permit-to-work isolation section blank,near_miss
"On March 20, 2024, at approximately 6:15 AM, the [OUTCOME] employee was assisting four other employees in drilling holes for guardrail installation with a pneumatic drill attached to a trailer-mounted air compressor. While moving the air hose, it was pulled taught by the moving trailer and it tripped the [OUTCOME] employee, causing them to strike their head on the pavement and sustain a blood clot to their temple area.",2024-03-20,,,"Time Striping, Inc.",,
"Toolbox talk at GGS Balimara on 16.02.2024 about handling of paint and thinner. Ventilation, no smoking, gloves and mask, lid closed after use. 7 workers attended. One thinner tin found open in store, closed immediately. Store ventilation fan running checked.",,GGS Balimara,toolbox talk,,paint store,ua_uc_observation
Observation at Naharkatiya: crane for spool erection near pumping unit area had an outrigger on the old flowline trench backfill of a rod-pumping well. Soil was loose there. Crane repositioned after check. Trench lines around pumping wells now marked by operations before crane entry.,,Naharkatiya,spool lifting at height over live equipment,,outrigger on drain cover,ua_uc_observation
"Yesterday night around 01:30 hrs at Duliajan GGS-2, fire watch dozed off on chair during flowline support welding near live gas line. Welding slag fell on his own raincoat kept nearby and it started burning. He woke up smelling it and threw it off. Luckily spark did not travel to line side. Both welder and watch warned. Night rotation of fire watch made every 2 hours from now.",,Duliajan GGS-2,welding on flowline supports,,fire watch absent,near_miss
"415V panel at Kathalguri on 08.08.2024. During panel extension busbar coupling, fish plate bolt torque was being checked with long torque wrench. Wrench length crossed into the live side chamber through the coupling opening — rubber boot was not yet fitted. Wrench touched live busbar and flash came. Wrench had insulation sleeve half length only. Coupling opening now sealed with the boot before any torque work from the dead side.",,Kathalguri,electrical panel 415V work,,live busbar exposed,near_miss
"Crane at Baghjan EPS was lifting old flare line section near flare pit. Section had sludge inside, sludge came out from open end when tilted, fell on ground below with splash. One worker was near the splash zone edge, sludge drops fell on his coverall, not on skin. Open end facing up during lifting, sludge removed before lifting where possible. Coverall changed, worker washed. Sludge sample sent for checking as per waste procedure. Lift completed after plugging open end.",,Baghjan EPS,crane_flare_line_lift,,no_lifting_plan,near_miss
"DG exhaust duct inspection was on at Kathalguri GCS on 14.03.2025. Breathing air hose from trolley passed under door mat, mat edge and hose pressed by trolley wheel when attendant shifted trolley closer. Kink formed. Worker inside felt air drop, came out. Trolley position marked with paint line afterward. Comfort shifting of trolley must not touch the life line.",,Kathalguri GCS,DG exhaust duct inspection,,breathing air line kinked,near_miss
"The [OUTCOME] employee was on the ground level while other employees were tarping a hole at the facility. A cinder block (5-8 pounds) fell approximately 10 feet from a building due to the high winds and damage from a hurricane. The employee was looking upward at the roof and the concrete block struck the employee's hard hat, knocking it off and hitting him in the face and left hand. The employee fell backward and struck the back of his head on the concrete floor. The employee sustained contusions to his lip, jaw, and left hand and a traumatic brain [OUTCOME], and he required staples to the back of their head.",2024-08-29,,,J.R. Jones Roofing,,
UA/UC observation: communication rope missing from confined space kit at Naharkatiya GGS-3 valve chamber work site. Workers using ordinary nylon rope which can slip from hand. Condition reported in UA/UC register. Proper rope with snap hook issued same evening and toolbox talk given on kit contents.,,Naharkatiya GGS-3,valve chamber maintenance,,communication rope missing,ua_uc_observation
"DG exhaust duct at Kathalguri GCS inspected on 11.12.2024 for cracked baffle. Breathing air hose passed through narrow duct opening and the edge cut into outer layer, kinking inner tube. Pressure gauge at manifold dropped. Worker felt suffocation, pulled himself out by rope just in time. Duct mouth edge padded afterward. Near miss discussed in monthly HSE meet.",,Kathalguri GCS,DG exhaust duct inspection,,breathing air line kinked,near_miss
"On September 23, 2024, an employee was pulling a pallet of water off a trailer in the dock area when he was struck by a pallet jack that crushed his right little toe. The employee was [OUTCOME].",2024-09-23,,,"Walmart, Inc.",,
"At around 14:30 hrs on 17-04-2025, one mobile charger left plugged in empty shift room at GGS Kathalguri was found swollen and warm with plastic smell. Unplugged and kept in metal tray to cool. Charger was local make, disposed in e-waste bin. Rule made that personal chargers must be unplugged when room empty. Photo shared in WhatsApp safety group as awareness.",,GGS Kathalguri shift room,charger hazard removal,,unplug + e-waste disposal,ua_uc_observation
"07.11.2025, around 15:10 hrs: inside DG-4 exhaust duct at Kathalguri GCS, the scraper bit into a hard soot ridge and it collapsed and the M/s Purbanchal Services worker was enveloped in a black cloud with visibility reduced to nothing. He stayed low, followed the air line back and came out coughing, eyes watering. Shower used and first aider checked him. Positive ventilation rate increased and crown-tapping check added before entry.",07.11.2025,Kathalguri GCS,DG exhaust duct inspection,M/s Purbanchal Services,confined-space entry control,near_miss
"07.11.2025, around 11:25 hrs: breathing air line of contract fitter of M/s Purbanchal Services inside DG-2 exhaust duct at Kathalguri GCS got trapped under the soot shovel left at the bend and flow dropped to almost nothing. He banged twice on the duct wall and came out on his own. Standby man raised the alarm only after he came out. Line rerouted overhead the same shift and pre-entry line-stretch check added to the permit attachment.",07.11.2025,Kathalguri GCS,DG exhaust duct inspection,M/s Purbanchal Services,confined-space entry control,near_miss
An employee was using a hydraulic shear machine to cut a copper pipe and partially [OUTCOME] their right ring finger.,2024-08-28,,,"Ecorec Rio Grande Valley, Inc.",,
"Evacuation drill at Digboi office complex on 26.01.2025. Republic day week drill. 130 persons from three buildings cleared in 6 min 30 sec. Fire warden in each floor checked toilets before leaving. Exercise only. One warden on leave, substitute not aware, list updated immediately.",,Digboi office complex,evacuation drill,,fire warden,drill
"MCC room maintenance at Duliajan GGS-2 on 03.04.2025 night shift. Control fuse of mud pump area feeder to be replaced. Electrician opened fuse carrier with hand directly without testing, believing control transformer OFF from panel. Control supply was coming from UPS bypass line. Small flash came from fuse carrier, he dropped it. Narrowly missed finger contact. Control source diagram corrected and displayed inside MCC room itself.",,Duliajan GGS-2,MCC room maintenance,,test-before-touch skipped,near_miss
"During injection rate check at Kathalguri GCS, pump PSV lifted and methanol discharged through vent line which terminates near the walkway to GGS control room. Strong smell, one visitor complained of headache, rested and fine. PSV vent routing flagged for modification and area barricaded meanwhile.",,Kathalguri GCS,methanol injection skid maintenance,,bleed pointed at walkway,near_miss
Complaint received from finance section staff on 07.10.2024 that staircase handrail between ground and first floor is shaking when held. Checked personally and found two anchor bolts rusted and loose. Maintenance mistri tightened same day but replacement of rusted bolts recommended; job card raised for weekend work.,,Duliajan HQ Office Complex,office building inspection,,structural maintenance,ua_uc_observation
An employee was cleaning a conveyor belt when the towel he was using was caught in the conveyor; his hand was pulled into the conveyor belt and crushed.,2025-06-19,,,Schwan's Food Company,,
"An employee was working to close a gate that had gotten stuck. He was pushing on the top rail when it started moving and his left little finger became crushed between the rollers and the top rail, resulting in an [OUTCOME] below the bottom knuckle.",2025-09-22,,,"Sterling Specialty Chemicals, LLC",,
An employee was preparing to dump wood from a roll-off dumpster when a piece of timber fell from the dumpster and struck the employee in the head. The employee sustained a laceration to the scalp and three cracked vertebral discs.,2024-10-30,,,"Alabama Dumpsters, LLC",,
"At around 10:40 hrs on 18.10.2025, gate pass counter clerk at Duliajan Field HQ found stamping passes in standing bent posture over low counter; hundreds of stamps daily during shift change rush. Counter height raised with wooden top and stool provided. Stamping practice reviewed and half the passes shifted to printed stickers.",,Duliajan Field HQ,counter work posture observation,,ergonomic workstation,ua_uc_observation
"During DG-3 exhaust duct inspection at Kathalguri GCS on 02.12.2025, around 15:10 hrs, worker inside the hot duct found his tapping signals unanswered. The posted attendant of M/s Purbanchal Services was called away for a phone call at the GCS office. Worker exited on his own after several anxious minutes. Entry was suspended, attendance-at-post rule re-explained to both shifts, and a no-relief-no-entry line added to the confined-space register.",02.12.2025,Kathalguri GCS,DG exhaust duct inspection,M/s Purbanchal Services,confined-space entry control,near_miss
"An employee had just used a cart to move a computer desk to a dumpster and was moving the desk off the cart to the ground. A drawer slid out of the desk onto the ground. The employee jumped onto the drawer to demolish it; when his feet contacted the drawer, it slid away, causing him to lose balance and fall to the ground. He suffered two broken bones in the lower right leg.",2024-03-01,,,Fab-Braze Corporation,,
"An employee was descending a 10-foot platform ladder when he mis-stepped on the fourth rung. His landed on his right heel, breaking it.",2024-10-07,,,"West-Fair Electric Contractors, Inc.",,
"On 04.11.2025, around 15:10 hrs, contract mazdoor of M/s Sadiya Services entered DG-3 exhaust duct at Kathalguri GCS only forty minutes after shutdown. Inside he felt the grating hot through his boots and came out within minutes with reddened hands from touching the wall for balance. Job stopped and rescheduled. Supervisor reminded that shutdown time is not cooling time; temperature strip now pasted at the manway.",04.11.2025,Kathalguri GCS,DG exhaust duct inspection,M/s Sadiya Services,confined-space entry control,near_miss
"Foggy morning at Digboi, visibility poor. one electrician helper entered transformer pit to check cable while main attendant went to bring tea and was talking on phone outside gate. helper finished and came out alone. nobody knew he was inside. permit system bypassed fully. strict warning issued to contractor.",,Digboi,transformer pit maintenance,,attendant on phone,near_miss
An employee was replacing/repairing a plane wheel. They were putting the wheel back onto the plane when the wheel slipped and pinched their left thumb against a brake rotor. The employee's thumb tip was [OUTCOME].,2024-08-23,,,"Delta Airlines, Inc.",,
"An employee was drilling holes with a hammer drill, vacuum bit, and vacuum. He was starting a new hole and grabbed the bit with his left hand between the vacuum attachment and the drill chuck. The drill continued to spin, catching his glove/little finger and wrapping it up, resulting in the [OUTCOME] of the finger.",2024-08-19,,,"Atlantic Restoration & Waterproofing, Inc.",,
"On June 17, 2025, at approximately 3:30 p.m., two employees were servicing a refrigeration unit on a roof. The [OUTCOME] employee was inspecting the orientation of a sprocket in a different unit when air pressure generated by the unit caused the door to shut on their right thumb, resulting in an [OUTCOME] at the first knuckle.",2025-06-17,,,"The Hillshire Brands Company a Wholly Owned Subsidiary of Tyson Foods, Inc.",,
"Around 03:10 hrs on 07.11.2024, water bowser skidded at ramp turn near Moran GCS and hit the fire water hydrant post. Hydrant cap flew and water started gushing. Driver reversed and valve closed by fireman after ten minutes, ramp became more slippery with the water. One more vehicle waiting behind had to go back long route. Hydrant too close to vehicle turning path, protection barrier demanded. Fire water loss also affected readiness for some time, QRT kept standby.",,Moran-Naharkatiya,water bowser operation,,overloaded vehicle,near_miss
Two forklift drivers were stopped next to each other and were talking. The [OUTCOME] employee leaned out of their forklift as the other forklift was leaving and they became pinned between the two forklifts. The [OUTCOME] employee was [OUTCOME] with a [OUTCOME] rib and a lacerated lung.,2025-08-27,,,Idahoan Foods,,
"At around 03:20 hrs at Kathalguri GCS, methanol pump auto-started when its LOTO lock was hanging but DCS soft bypass of the start inhibit was left active from previous day testing. Coupling cover was open at that time. Nobody was touching, fortunately. Soft bypass not visible in field, energy source list now includes DCS inhibits.",,Kathalguri GCS,methanol injection skid maintenance,,energy source list incomplete,near_miss
"Around 03:05 hrs during B to C shift change at Kathalguri GCS, outgoing crew had stopped the lean oil circulation pump for strainer cleaning and told the incoming operator verbally to not start it. No lock, no tag, no permit entry, only verbal. Incoming operator noted the pump as stopped in the log but the relieving supervisor, not aware, gave start instruction on wireless for the process requirement while contract fitter Hemanta had the strainer cover fully open and both hands inside. Pump primed and oil gushed from the open cover onto his arms and chest. He came out from under the pump soaked, slipping on the grating but holding the handrail. Only oil bath, nothing more. Verbal isolation system fully stopped from that night, LOTO or nothing.",,Kathalguri GCS,pump maintenance,,LOTO not applied,near_miss
"While doing drum loading at methanol shed around 13:15 hrs on 11.10.2024, forklift hydraulic hose burst with spray when drum lifted. operator lowered load and got down with oil spray on sleeve. helper standing two feet away got spray on his face, eyes closed in time. oil washed at safety shower nearby. hose had rubbing mark from long time. hose routing checked on all forklifts after this.",,Duliajan GGS-2 loading area,forklift drum loading at methanol shed,,load unsecured,near_miss
"An employee was working from a basket on a telehandler, changing light fixture heads on light poles. The employee moved the telehandler perpendicular to a slope. As the telehandler basket was going up, and was about 7-8 feet to the light, the telehandler tipped over. The employee was [OUTCOME] with a broken right leg, arm, and lacerations to the chest.",2025-11-13,,,"Rock River Electric, Inc",,
"During well testing at well pad NHK-208 on 25.05.2025, portable generator cable got pulled by vehicle and supply to data logger lost. Small UPS of logger took over and full test data saved. Cable route changed and ramp provided. Could have lost complete well test data. Test team told about cable protection. Logged.",,well pad NHK-208,well testing,,UPS,near_miss
"On August 6, 2025, an employee was preparing to weld a metal sheet that goes between containers and weighs 800 pounds. The employee was placing a two-foot wooden brace (4 by 4) under the metal, which was being raised by a crane operator using a magnet. The magnet shifted and caused the load to catch the employee's right index fingertip against the wooden brace, resulting in a fingertip [OUTCOME].",2025-08-06,,,Greenbrier Central Paragould,,
"Slew brake band relining on the old yard crane at Moran GGS-1. The band tension spring was being held 'by hand pressure' while the anchor pin was driven out - the thekedar's man said he had done it many times. Spring won; the band snapped straight and the pin punch flew off, grazing the drum and landing in the oil tray. His grip held the punch, that is the only reason it did not fly at the group. Spring clamps now made in workshop for this job.",,Moran GGS-1,slew brake band relining,,spring-loaded mechanism,near_miss
"At around 11:40 hrs, Baghjan EPS drum yard, the forklift's hydraulic control valve was being resealed. The mechanic isolated the battery and hung a tag, but did not try the levers. Residual pressure in the tilt circuit pushed the spool out of its bore when the retaining plate came off, and oil followed, soaking his sleeve. The spool hit the floor where his foot had been. Levers cycled and gauge read zero - now the written first step.",,Baghjan EPS,forklift control valve resealing,,isolation done but not verified by try-start,near_miss
"12.11.2025, around 19:45 hrs: inside DG-1 exhaust duct at Kathalguri GCS, the standby blower door was opened the wrong way and the M/s Kalita & Sons worker was enveloped in a black cloud with visibility reduced to nothing. He stayed low, followed the air line back and came out coughing, eyes watering. Shower used and first aider checked him. Positive ventilation rate increased and crown-tapping check added before entry.",12.11.2025,Kathalguri GCS,DG exhaust duct inspection,M/s Kalita & Sons,confined-space entry control,near_miss
"At about 03:50 hrs on 18.07.2025, crew Bolero going to Kathalguri found the corridor road blocked by one elephant and one forest department vehicle also waiting. Both waited together. Forest person told that one calf is stuck in the mud near the beel and herd is standing there for that. After two hours forest team rescued the calf and herd moved. Our crew reached site very late but with good story. Wildlife rescue coordination between forest department and field vehicles works well in this area.",,Kathalguri,field crew transport via elephant corridor,,no night-driving restriction compliance,near_miss
"An employee was on stilts, hanging insulation in a unit. At the same time, drywall stockers were staging drywall on 2x4 beams, which protruded out from under the drywall stack. The employee tripped over one of the beams and fell to the ground, resulting in a broken left arm.",2025-11-21,,,C Q Insulation Inc,,
One page of the GCS Tengakhat security register was found torn at the corner where an old entry was half cut. The missing portion could be read from the carbon copy beneath. Entry re-written on the margin with a note and both pages initialled. Register pages now numbered and binding strengthened.,,GCS Tengakhat,security records,,documentation,ua_uc_observation
"At around 03:15 hrs on 9 February 2025 during POOH on rig #5, one tubing joint rolled off the pipe rack beam end as stop pin was missing, rolled across floor towards crew busy at tongs. Driller shouted and all moved just in time. Joint hit the sub-structure with loud bang. Stop pins checked for full rack before operations continued.",,Workover Rig #5,POOH tubing,,standing in swing radius,near_miss
"18.11.2025, around 23:30 hrs: inside DG-2 exhaust duct at Kathalguri GCS, a shovel struck the duct wall and dislodged loose scale and the M/s Brahmaputra Enterprise worker was enveloped in a black cloud with visibility reduced to nothing. He stayed low, followed the air line back and came out coughing, eyes watering. Shower used and first aider checked him. Positive ventilation rate increased and crown-tapping check added before entry.",18.11.2025,Kathalguri GCS,DG exhaust duct inspection,M/s Brahmaputra Enterprise,confined-space entry control,near_miss
"While doing valve greasing route at GGS-2 Duliajan manifold area, one 2 inch ball valve found very hard to operate. Excess old grease flushed out and fresh grease injected. Valve now operating free. No other abnormality on route.",,GGS-2 Duliajan,valve maintenance,,preventive maintenance,ua_uc_observation
"At Kathalguri GCS around 21:25 hrs, panel key of the standby compressor was left in after the weekly auto test. Operator wanted to check the lube pressure and bumped the start button while mechanic's hand was on the discharge valve nut. Crank moved slightly, nut spanner slipped and cut the paint. Hand withdrawn at once. Weekly test now ends with key out and lock on.",,Kathalguri GCS,compressor valve replacement,,key left in panel,near_miss
"Produced-sand pit at Naharkatiya: pit edge timber curb rotted, gave way under mazdoor foot at edge. he windmilled, buddy grabbed his belt, pulled him back from 3.5 metre drop onto sand heap below. curb looked painted and fine from top. timber replaced with steel angle, edge checks weekly.",,Naharkatiya,produced-sand pit cleaning,,rotted timber edge curb,near_miss
"On May 23, 2025, an employee was training to drive an end-rider forklift when they lost balance and stepped off the forklift. Their left ankle was caught between the forklift and a pallet of water. The employee was [OUTCOME] with [OUTCOME] to their ankle and required [OUTCOME].",2025-05-23,,,Dollar Tree Inc,,
"Scraper trap at Kathalguri GCS, attendant was also adjusting the closure door gasket with fitter while technician was inside barrel. Door weight shifted unexpectedly and barrel mouth narrowed few inches. Technician pushed door back from inside with his shoulder and shouted. Few inches more and his exit route was a wrestling match. Door secured with locking pin during any man-inside work, attendant back to watching the man, not the gasket.",,Kathalguri GCS,crude pipeline scraper trap,,attendant doubled as worker,near_miss
"Two employees were using a forklift to reset a 1,500-pound tote of mineral powder back onto a skid. The second employee was operating the forklift while the [OUTCOME] employee was working to set a strap around the tote. The [OUTCOME] employee's little finger got pinched between the forks and a metal container, resulting in an [OUTCOME] at the second knuckle.",2025-11-18,,,"Honda Development & Manufacturing of America, LLC",,
"Excavation pit at Naharkatiya GGS-3 for the flowline anchor block. Worker descended with harness but the lifeline had a knot at middle joining two rope pieces, knot could not pass through tripod pulley, retrieval would jam halfway. Knot found during drill pull. Continuous single-piece rope for lifelines only, joined ropes downgraded to lashing.",,Naharkatiya GGS-3,pit anchor block joined rope issue,,rescue harness not worn,near_miss
"During monthly tool checking at EPS Tengakhat on 12.04.2025, found one portable electric drill with the chuck key spring broken and key loosely hanging. Drill tagged and sent to workshop. Key fitted properly and drill tested. All portable tools of the contractor gang checked same day. Three tools tagged out for repair.",,EPS Tengakhat,tool inspection,,,ua_uc_observation
"Welding on substructure at Rig OIL-44, Balimara on 05.08.2024. Night job, rain stopped one hour back. Welding cable connector box was on ground which was still wet. Connector got warm and small smoke came from box. Box lifted on stand and covered. Connector box on wet ground will fail one day. Rig electrician informed, all boxes checked.",,"Rig OIL-44, Balimara",welding on rig substructure,,no standby extinguisher,near_miss
"An employee was working on a swing scaffold, preparing to install terracotta tile on the exterior of a building. Terracotta tiles that had been previously installed on the building detached and fell striking the employee in the head. The employee suffered lacerations to the head, a head [OUTCOME], bleeding around the brain, and neck and back [OUTCOME].",2024-01-02,,,Bolimex Construction,,
"During joint HSE audit with OISD checklist at Moran GGS-1 on 19.08.2024, auditor asked climber at tower to demonstrate emergency descent. Climber unhooked both lanyards and climbed down few rungs to show speed. Auditor stopped him immediately. Demonstration also needs 100 percent tie off. Climber was experienced 15 years man, habit of free climbing. Audit point closed with refresher and twin lanyard strict compliance photo evidence for one month.",,Moran GGS-1,antenna/lighting mast at telecom tower,,PFAS inspected but wrongly worn,ua_uc_observation
The emergency exit marking above the admin block Duliajan side door had faded and the sticker was peeling at the corners. Noted during the office safety walk. New glow-type sticker pasted the same day and the door checked to open freely. No drill or real use had happened with the faded marking. Recorded and closed.,,Admin Block Duliajan,signage inspection,,safety signage,ua_uc_observation
"Crude tank at Naharkatiya GGS-3. Communication rope was fine but entrant and standby developed their own signal code, not the standard one. Third worker relieving standby used standard code, entrant understood opposite, came up when told stay. Confusion but no harm. Standard code only, personal codes banned, chart at every entry point.",,Naharkatiya GGS-3,tank entry personal signal code,,communication rope missing,near_miss
"Forklift with drum grab attachment at Duliajan GGS-2 grabbed drum by top rim only. Drum slipped from grab at 5 feet, fell on side and rolled towards methanol unloading area. Worker there saw it coming and stepped behind column. Drum stopped at column base, cap held. Grab jaw pressure adjusted, damaged rim drums rejected for grab lifting, drum trolley used for such drums. Incident shared in HSE bulletin.",,Duliajan GGS-2,forklift_drum_handling,,load_chart_not_consulted,near_miss
"Gutter cleaning at GGS-4 pump house roof edge, no harness, gentle slope he said. Gentle slope still ends at concrete five meters down. Lifeline fixed first, then work allowed.",,Duliajan GGS-4,roof work,,no harness for roof edge work,ua_uc_observation
"On May 14, 2024, an employee was raising the dump body on a dump truck to unload mulch. When it would not raise, the employee checked underneath the dump body to look for the issue and the dump body dropped down onto his arm, pinning it against the frame. The truck then rolled down a slight incline, dragging the employee with it. The employee's right forearm was [OUTCOME] and arteries and blood vessels were [OUTCOME].",2024-05-14,,,"Lashway Lumber, Inc.",,
An employee was walking by an air compressor when the fitting securing the hose broke off and struck the employee's left leg below the knee. The employee sustained a [OUTCOME] left leg.,2025-04-04,,,Turn2 Specialty Companies LLC,,
"Welder's helper doing the tack job without a leather apron, just his normal coverall. Work paused, apron issued from the job PPE kit, and the helper briefed on why cotton alone is not enough near spatter.",,Naharkatia,welding job supervision,,apron issued before continuing,ua_uc_observation
"Crane at Kathalguri GCS was lifting new chemical dosing skid when rigger noticed sling tag missing, certificate not traceable. Load already at two feet. Lift stopped, load landed, sling verified from store record, found OK but tag lost. Tag re-fixed with wire, lift done. Tag missing sling should be treated as failed, this rule told to all. Sling register updated, tag fixing method improved with plastic covered tags. Rigger appreciated for stopping job despite schedule pressure.",,Kathalguri GCS,crane_dosing_pump_lift,,sling_damaged_kinked,near_miss
"An employee was grabbing a line for a load (3,000 lbs.) that was being lifted by a crane when their right hand was caught between the load and a slab on the floor. The employee sustained a laceration, a torn tendon, and a [OUTCOME] right wrist.",2024-10-24,,,TAS Commercial Concrete Construction LLC,,
"An employee was cutting meat using a meat saw when their finger was caught by the blade, resulting in an [OUTCOME].",2024-02-27,,,"Niemann Foods, Inc.",,
"An employee was troubleshooting a machine when he slipped and went to brace himself. His hand entered the machine and the blade contacted his finger, resulting in a fingertip [OUTCOME].",2024-12-12,,,Boulevard Brewing Company,,
"During DG-2 exhaust duct inspection at Kathalguri GCS on 07.11.2025, around 23:30 hrs, the breathing air line routed across the walkway was run over by a gas-cylinder trolley, pinching it flat for some minutes. The M/s Purbanchal Services worker inside felt the supply weaken, knocked on the duct and came out safely. Walkway crossing eliminated by rerouting the line overhead and a hose-ramp kept at the crossing point.",07.11.2025,Kathalguri GCS,DG exhaust duct inspection,M/s Purbanchal Services,confined-space entry control,near_miss
An employee was moving a large package from a slide when her left arm got caught between the slide (tilt tray) and the package. She was [OUTCOME] with a [OUTCOME] left arm.,2025-10-26,,,Federal Express Corporation,,
"Welding on substructure at Rig OIL-49, Hapjan on 08.09.2024. Welder used drum as stool for sitting weld. Drum was old grease drum, inside had residue. Heat conducted and drum lid popped with small flame from residue vapour. He jumped off. Drum removed and proper stool made. Never sit on closed drum for welding. Tool pusher informed.",,"Rig OIL-49, Hapjan",welding on rig substructure,,residual hydrocarbon in equipment,near_miss
"An employee was cleaning a grain bin when his left foot was caught by the pull-off auger, resulting in the [OUTCOME] of the foot.",2024-05-06,,,"Black River Commodities, LLC",,
"During night inspection of DG-3 exhaust duct at Kathalguri GCS on 12.11.2025, around 11:25 hrs, the intrinsically safe hand lamp of the M/s Kalita & Sons helper flickered out deep inside the duct and the only torch with the attendant had a cracked lens. He waited against the wall and guided himself out along the air line. Lamp-plus-spare check made a signed permit line item; two more EX-rated lamps procured for the GCS.",12.11.2025,Kathalguri GCS,DG exhaust duct inspection,M/s Kalita & Sons,confined-space entry control,near_miss
"Inspection of DG exhaust duct was done at Kathalguri GCS on 22.02.2025. Air line from breathing set passed over duct flange and when worker moved deep, flange edge pressed hose flat. His whistle fell inside duct and he could not signal. Attendant keeping time check pulled him out after no response on rope signal. Just in time. Edge protection added same day.",,Kathalguri GCS,DG exhaust duct inspection,,breathing air line kinked,near_miss
"Sump pit near fire water jockey pump at Kathalguri GCS entered on 29.04.2025. Blower was on, but night guard had moved its duct to dry his rain coat over warm motor casing, duct end pulled out of pit. Pit man inside felt air gone, came up, saw coat arrangement. Coat dried, lesson given. Duct position is not adjustable for laundry.",,Kathalguri GCS,sump pit entry,,ventilation blower off,near_miss
"Crane at Kathalguri GCS lifting old air receiver when receiver lifting lug was on top but receiver was horizontal, sling pulled lug sideways. Lug bent, receiver rolled on ground from sling. Receiver was empty fortunately. Lug orientation versus lift direction explained, rolling load control by tag line. Receiver lifted with body sling afterwards. Bent lug ground off, not reused. Horizontal vessel lifting method statement prepared by engineer for all such vessels in plant for future jobs.",,Kathalguri GCS,crane_receiver_lift,,no_lifting_plan,near_miss
"An employee was cutting the banding off the end of a bundle of PVC pipe when a piece of the pipe fell, bounced, and struck them in the face. They sustained a broken nose and a concussion and were [OUTCOME].",2024-04-03,,,Ferguson,,
"Humid monsoon day 21.07.2025, DG exhaust duct inspection at Kathalguri GCS was done. Worker inside duct sweating heavily, mask seal slipping, he adjusted mask with one hand and pressed hose against duct bend with elbow, kink formed. He felt both leak and choke, exited and took break. Mask fit checked before re-entry. Sweat management inside duct is real issue in July.",,Kathalguri GCS,DG exhaust duct inspection,,breathing air line kinked,near_miss
"During crew change to Kathalguri on 09.01.2025 around 04:00 hrs, driver came across one elephant blocking the road and halted at distance. Animal did not move for long time. Driver used the vehicle horn lightly thinking it will move, elephant turned and came toward the vehicle. Driver reversed fast. Elephant followed for some distance and stopped. Horn use in corridor is prohibited, told again. Driver was given written warning and corridor training refresher done for the full transport team this month.",,Kathalguri,field crew transport via elephant corridor,,driver hours exceeded,near_miss
"At GGS-4 CTF around 16:50 hrs, agitator gearbox oil change and platform grating repair were combined. Group lockout box available but both gangs assumed the other had locked. Nobody locked actually. Welding helper wanted to rotate the agitator for access and asked panel to inch. Gearbox man's hand was at the filler plug. Motor inched, plug key flew near his face. He ducked, key hit the handrail. Assumption removed by lock-count check at the box itself.",,Duliajan GGS-4,agitator repair,,group lockout box missing,near_miss
A length of old GI pipe at the GGS-3 Duliajan scrap corner had rolled out of the corner marking onto the path. The round man rolled it back inside and told the store to stack pipes with end stops. Nobody passed there meanwhile. Scrap corner boundary repainted and pipe stack secured the same week.,,GGS-3 Duliajan,scrap handling,,storage rack,ua_uc_observation
"During DG-1 exhaust duct inspection at Kathalguri GCS on 15.12.2025, around 23:30 hrs, worker inside the hot duct found his tapping signals unanswered. The posted attendant of M/s Brahmaputra Enterprise was helping a passing trolley driver on the walkway. Worker exited on his own after several anxious minutes. Entry was suspended, attendance-at-post rule re-explained to both shifts, and a no-relief-no-entry line added to the confined-space register.",15.12.2025,Kathalguri GCS,DG exhaust duct inspection,M/s Brahmaputra Enterprise,confined-space entry control,near_miss
"Trailer driver moved vehicle while crane was still lowering tubular bundle at Duliajan GGS-2 yard. One sling wire snapped, pipes shifted but held by second sling. Banksman had gone for water. Driver suspended from site.",,Duliajan GGS-2,store_yard_tubular_loading,,sling_damaged_kinked,near_miss
"On 23.04.2025, during DG exhaust duct inspection at Kathalguri GCS side, Worker inside duct crawling forward, air hose followed fine, but his spare regulator in pocket swung and pressed hose against duct wall rib, flattening it. Flow dropped, he felt drag in breathing, adjusted and came out. Loose items in pockets removed before duct entry now. Small press, full choke.",,Kathalguri GCS,DG exhaust duct inspection,,breathing air line kinked,near_miss
"Welder at GGS-1 Moran was using a welding glass cracked at one corner since a week, managing like that. Glass replaced from tool store immediately and old one discarded.",,GGS-1 Moran,PPE compliance check,,,ua_uc_observation
One gardener contract staff got ant bite on ankle while trimming hedge near Balimara office. Cold water wash done and soothing cream applied from first aid box. He resumed work after some rest. Grass area checked for ant nests and two nests treated. Gumboot use advised for all gardening work.,,Balimara,garden maintenance,,first aid / gumboots,ua_uc_observation
"During night inspection of DG-4 exhaust duct at Kathalguri GCS on 18.11.2025, around 15:10 hrs, the intrinsically safe hand lamp of the M/s Brahmaputra Enterprise helper flickered out deep inside the duct and the second lamp had been issued to another job. He waited against the wall and guided himself out along the air line. Lamp-plus-spare check made a signed permit line item; two more EX-rated lamps procured for the GCS.",18.11.2025,Kathalguri GCS,DG exhaust duct inspection,M/s Brahmaputra Enterprise,confined-space entry control,near_miss
"The gauge post stood exactly at the steep drop — it stopped us, nothing else did. Monsoon night, 16.08.2024, about 19:50 hrs: an erosion-monitoring driver at Dangori bund who had been out since morning slept, and the pickup hit the water-level gauge post, knocking it into the river. He woke to the vehicle shaking. The post was reinstalled next day. Monitoring cannot be one man for sixteen hours; a two-shift system for flood monitoring was implemented from that week.",,Duliajan-Naharkatiya road,pickup on bund road in monsoon,,fatigue (double shift),near_miss
"Duty operator at rig site KTK-15 saw that a hailstorm passed over rig site KTK-15 at 15:55 hrs, hail size small. the trench was pumped out, joints inspected and joints re-sealed with m-seal. raincoats counted, 6 torn ones replaced. Entry made in log book.",,rig site KTK-15,weather/monsoon non-SIF,,none,ua_uc_observation
"While racking out one 315 kW SRP motor feeder ACB at Kathalguri MCC room on 12.07.2024, load was still connected as operator had not tripped from field local station. Heavy sparking and loud sound came when trolley moved out. Mistri of M/s Pragati Electricals pulled hand back just in time. Could have been major arc flash incident. Breaker inspected, interlock checked, matter discussed in next morning toolbox talk.",,Kathalguri,MCC room maintenance,,racking out with load on,near_miss
"While doing burner management system check at Tengakhat on 25.07.2025, technician forced the pilot solenoid open for testing without informing field. Pilot lit with the front cover open. Fitter near the cover got heat on face, pulled back just in time. Test forcing was not part of energy source list of the reboiler.",,Tengakhat,glycol reboiler burner maintenance,,energy source list incomplete,near_miss
"On January 23, 2024, an employee sustained finger [OUTCOME] while operating a portable table saw to cut a wooden board.",2024-01-23,,,"Wachusett Mountain Associates, Inc.",,
"Welding on substructure at Rig OIL-43, Tengakhat on 16.07.2024. Monsoon night, insects gathered near welding arc light. Welder distracted and arc touched the adjacent hydraulic hose of tong line. Small hole in hose outer layer. Hose changed before tong use. Hydraulic oil spray plus arc could have made jet flame. Hose covered with protective sleeve after that. Tool pusher informed.",,"Rig OIL-43, Tengakhat",welding on rig substructure,,sparks crossing to adjacent area,near_miss
"On 18.11.2025, around 06:40 hrs, contract mazdoor of M/s Brahmaputra Enterprise entered DG-2 exhaust duct at Kathalguri GCS while the stack was still steaming lightly. Inside he felt the grating hot through his boots and came out within minutes with reddened hands from touching the wall for balance. Job stopped and rescheduled. Supervisor reminded that shutdown time is not cooling time; temperature strip now pasted at the manway.",18.11.2025,Kathalguri GCS,DG exhaust duct inspection,M/s Brahmaputra Enterprise,confined-space entry control,near_miss
"An employee was walking over to a hoist. He went to step over a pump truck hose when his foot became caught between the hose and its attached strap, and he tripped and fell. The employee sustained a left leg [OUTCOME].",2025-05-20,,,JE Dunn Construction,,
"While doing methanol skid valve greasing at Kathalguri GCS on 21.06.2025, crew found injection line check valve bonnet leaking. They tried tightening bonnet bolts with line live. One bolt sheared and leak increased, vapour came. They ran back, QRT cordoned. Live tightening practice stopped. Isolation list of the line was outdated after check valve replacement modification.",,Kathalguri GCS,methanol injection skid maintenance,,isolation list outdated after modification,near_miss
"During lifting of compressor package at Baghjan EPS at around 13:00 hrs, wind rose sharply in the middle of the pick. Load at 15 meter height started behaving like a pendulum and the operator held position while the rigger ran clear of the swing zone. After about two minutes the wind eased and the load was landed at the laydown without damage. Anemometer was fitted in the crane cabin but the operator was not monitoring it at all, he was going by feel. Nobody was hurt and package was fine, but the swing radius had crossed over the temporary store area where material was stacked. Now wind check is mandatory every 30 minutes during lifts and recorded in the permit, and the operator has to call out the reading to the lifting supervisor.",,Baghjan EPS,compressor package lifting,,wind above limit,near_miss
"On 13.07.2025 at Kathalguri GCS, glycol reboiler convection section cleaning was going on with water jet. Water jet hose whipped when pump pressure surged and hose end hit near the operator's head. He ducked just in time. Jet pump was started by helper without signal from operator. Pump start not covered in permit isolation section.",,Kathalguri GCS,glycol reboiler burner maintenance,,permit-to-work isolation section blank,near_miss
"Trailer hit road edge near Tengakhat in fog and tilted on soft shoulder. Two lashing belts snapped, pipes stayed because of stanchions. Crane called. Shoulder was washed out, warning board missing.",,Kathalguri,casing pipe haulage by HMV trailer,,fog lights broken,near_miss
"An employee was cleaning a paint mixer. The mixer agitator/propeller caught the employee's hand, causing a fingertip [OUTCOME].",2025-02-12,,,J & J Painting And Contracting,,
"During night shift 02:15 hrs, trailer with casing pipes was reversing toward pipe rack guided by torch signals only. torch battery went weak midway, driver kept reversing on guess. trailer hit wooden sleeper stack which fell toward walkway. nobody was walking there fortunately at that time. radio communication set demanded for all night unloading jobs.",,workover rig site,casing trailer night reversing,,no banksman,near_miss
"An employee was backing up a standing powered industrial vehicle (PIV) when it collided with the front of a parked PIV. One of the forks from the parked PIV struck their right lower leg, resulting in a [OUTCOME] right tibia.",2024-05-14,,,ClarkDietrich Building Systems,,
"During DG-4 exhaust duct inspection at Kathalguri GCS on 18.11.2025, around 11:25 hrs, the breathing air line routed across the walkway was run over by a water drum trolley, pinching it flat for some minutes. The M/s Brahmaputra Enterprise worker inside felt the supply weaken, knocked on the duct and came out safely. Walkway crossing eliminated by rerouting the line overhead and a hose-ramp kept at the crossing point.",18.11.2025,Kathalguri GCS,DG exhaust duct inspection,M/s Brahmaputra Enterprise,confined-space entry control,near_miss
"While doing sewer chamber cleaning near Moran GGS on 27.08.2024, standby person left post to bring extra bucket from store room. Man inside chamber finished sludge removal and called for rope, no answer. He came up on corroded rungs, one rung came out in his hand, narrowly missed falling back into chamber water. Pulled himself on rim just in time. Rung repair now done before every chamber job.",,Moran,sewer chamber sludge removal,,standby person left post,near_miss
"Loading tubulars at Kathalguri yard, crane slings were two when bundle needed four. Middle pipes bulged out of sling grip when lifted and whole bundle bent like bow. One pipe slid out from middle and fell on ground, dug deep in soft soil. Gang was behind barricade fortunately. Bundle brought down, re-tied with pipe separators and four slings, bundle weight limit board painted at yard gate next day.",,Kathalguri GCS,tubular_loading_inadequate_slings,,no_lifting_plan,near_miss
"While breaking connection with lead tongs on rig #7 floor at around 02:10 hrs on 14 August 2025, tong slipped and backup man reached to steady with hand on jaw side, jaws snapped on glove edge. He ripped his hand out before the jaws took grip. Pinch point, steadying with hand instead of tong pole. Tongs with pole handles arranged.",,Workover Rig #7,tong operations,,hands in pinch point,near_miss
"A photographer was walking through a studio toward the production table during a photoshoot. The photographer tripped on a power cord that was taped in place on the floor with a cord cover. The photographer fell, [OUTCOME] her right hip, and was [OUTCOME].",2025-07-28,,,Accenture Song Production Studios,,
"Pilot air inspirator cleaning at Kathalguri: isolation sheet mentioned gas and power, but the inspirator's air line comes from the utility air manifold added two years back. Air blasted dust out of the open inspirator into the cleaner's face. Eyes were protected, thankfully. Air source added to the sheet.",,Kathalguri GCS,flare pilot line maintenance,,isolation list outdated after modification,near_miss
415V panel maintenance work at Naharkatiya GGS-3 on 13.03.2025. Incoming cable box of panel opened for lug crimping. Cable was spare but landed on live busbar other end for future use. Crimping tool closed on cable insulation and tool handle touched cable lug — lug was live at 415V. Flash came at tool joint. He was wearing arc-rated gloves luckily given new that month. Spare cables now disconnected from live busbar till commissioning.,,Naharkatiya GGS-3,electrical panel 415V work,,live busbar exposed,near_miss
"Paint stripping with heat gun near Moran GCS detection zone on 16.06.2025, 10:25 hrs, humid after rain. Heat gun kept tripping the supply. Painter bypassed the trip with wire direct connection. Trip kept coming because gun coil was failing. HSE saheb on round saw the bypass and stopped everything. Gun replaced. Bypass of protection is serious violation. M/s Duliajan Fabricators informed in writing.",,Moran GCS,paint stripping with heat gun,,no standby extinguisher,ua_uc_observation
"Roof gutter line at GGS-2 pump house used by painters to hook their safety line, gutter is sheet metal edge only. During pulling, hook cut the gutter and line came free while painter was leaning. He fell back on the roof, not over. Anchor moved to ridge beam through drilled eye bolt by fitter same day. Eye bolt now permanent.",,Duliajan GGS-2,roof painting,,anchor point questionable (gutter),near_miss
"An employee was breaking down a display table. He jumped on the table to break it down further, fell off the table, and sustained a [OUTCOME] femur.",2024-10-28,,,Kohl's Distribution Center,,
"An employee was checking out a customer at the register. She grabbed the hand scanner and went to walk around. When she turned, she lost her balance and fell to the floor on her left side. She sustained a [OUTCOME] hip and required [OUTCOME].",2025-08-18,,,"Walmart, Inc.",,
"Old rope tying sleeper stack broke during forklift travel at Kathalguri, sleepers scattered on road. One rolled and hit parked scooter, mirror broke. Sleepers moved by trailer afterwards. Material route and scooter parking separated.",,Kathalguri GCS,forklift_sleeper_handling,,sling_damaged_kinked,near_miss
"While doing glycol reboiler level gauge isolation at Baghjan EPS on 18.11.2024, technician found gauge valves were not the ones shown in list. Modification had relocated the gauge to other nozzle last year. He almost opened the wrong nozzle on live vessel. Physical verification done before work. List corrected with modification number.",,Baghjan EPS,glycol reboiler burner maintenance,,isolation list outdated after modification,near_miss
"An employee was dismantling a film set. He was standing on top of a wooden beam when he lost his balance and fell approximately 10 feet to the ground below, striking his head on a standing light. He sustained [OUTCOME] to his head, torso, and shoulders. A guardrail was in place at the time of the [OUTCOME].",2025-07-29,,,"Big Indie Omega, Inc",,
"N2 purged vessel at Kathalguri GCS, with entrant on supplied air. Breathing air manifold had one cylinder nearly empty, gauge glass fogged, tender misread it as full. Pressure fell mid-entry, low-pressure alarm sounded, entrant switched to escape set and ascended calmly, drill-grade exit. Tender retrained on gauge reading, cylinders now weighed not guessed. The escape set did its one job perfectly; may it always be this boring.",,Kathalguri GCS,N2-purged vessel,,attendant doubled as worker,near_miss
"On August 18, 2025, at approximately 10:05 AM, an employee was cleaning cases in the produce area on the sales floor. Their foot slipped under the floor mats, causing them to lose balance and fall to the floor. They landed on their left side and were [OUTCOME] with [OUTCOME] to their left hip.",2025-08-18,,,Brumfield Foods Village Market,,
"Forklift at Kathalguri was lifting battery of crane for replacement, battery weight more than forklift capacity at full extension. Forklift tipped forward, battery slid to fork tips, battery acid caps opened, few drops spilled. Operator did not jump, waited, forklift settled back when battery touched ground. Neutralizing agent used, battery trolley arranged. Battery handling procedure made, crane battery weight plate photo circulated to all forklift drivers.",,Kathalguri GCS,forklift_battery_handling,,load_chart_not_consulted,near_miss
"Around 13:15 hrs today, one tipper unloading morrum near Digboi colony school wall leaned while tipping because load stuck. wall side is where children stand for van. school closed that day fortunately. body came down with jerk, truck settled. school timing unloading banned on that road now. wall also got crack, civil informed for checking.",,Digboi,morrum tipper unloading near school wall,,road edge soft after rain,near_miss
"On dated 08.08.2024, filter candle of drinking water cooler at Gelakey canteen found due for replacement; flow reduced and cleaning not done since two months. Candle replaced next day and outer body cleaned. Fortnightly cleaning and six-monthly candle change schedule displayed near cooler.",,Gelakey GGS,drinking water cooler check,,water purification,ua_uc_observation
Small oil mark found under the parked tractor at Jorajan material yard during the morning check. Mark cleaned with absorbent and the tractor sent for checking. Gear box seal found weeping and repaired at the workshop. Parking area is now checked every morning by the yard supervisor.,,Jorajan,vehicle parking,,spill cleanup / repair,ua_uc_observation
"An employee was unloading a delivery from an elevated portable ramp when it collapsed, causing him to fall two stories to the pavement below. The employee was [OUTCOME] with four [OUTCOME] ribs.",2024-12-03,,,"Sodexo, Inc.",,
"An employee was descending an 8-foot A-frame ladder when he tripped over the fourth step/rung and fell, contacting the floor and a sprinkler pipe that was set on the ground. The employee sustained [OUTCOME] to his left arm.",2025-06-19,,,"Caruth Protection Services, LLC",,
"At around 08:00 hrs on 16.09.2024, one mobile crane passed the Baghjan school stretch with the rigger walking alongside to guide. Rigger was on the left side where children were standing. Rigger's radio antenna was swinging and one child tried to touch it. Rigger pushed the child's hand away roughly and child fell down. Child got up crying, teacher came. Rigger's behaviour was wrong even if intention was safety. Rigger apologised and crowd control during crane transit near school to be done by security, not rigger alone.",,Baghjan,mobile crane transit near school zone,,no IVMS,near_miss
An employee was performing steel structure construction when their scissor lift tipped over and they fell 22 feet to the ground. The scissor lift struck racking during the fall and the employee sustained a [OUTCOME] pelvis and back.,2024-11-04,,,"Acoustic Ceiling & Partition of Ohio, Inc.",,
"Foggy night, 01.02.2025, about 02:50 hrs. The fellow at the wheel had finished one full shift and was driving back from Moran when sleep took him; the vehicle wandered into a closed shop's empty front parking and touched the shutter gently. The owner came down with a torch. An open shop with people inside would have taken us straight through the front. The owner was kind and gave hot water; the driver waited there till the fog thinned and his head cleared. Double duty in fog season is the worst combination — reported in full.",,Moran field roads,night driving in fog,,fatigue (double shift),near_miss
"An employee had been laying felt on a roof. He stepped backward and fell off the edge of the roof, landing on the ground. The employee was [OUTCOME] with two [OUTCOME] discs in his lower back.",2025-05-27,,,Clark's Family Roofing,,
At GCP Makum the walkway near the new fence work had bits of binding wire scattered by the fencing gang. The safety steward got the area swept with a magnet bar and broom before allowing the shift crowd through. Nobody's shoe took a wire. Fencing gang now cleans their work front every evening.,,GCP Makum,fencing work,,housekeeping,ua_uc_observation
"During morning round at Kathalguri GCS on 14.02.2024, welding on flowline support found going on and fire watch was standing correct position but his whistle was not working, checked by asking him to blow. Whistle is for alarm if he cannot reach alarm point fast. New whistle given. Whistle check now daily for fire watch. Silent fire watch is weak barrier, told in meeting. Fire watch equipment list now includes working whistle checked daily.",,Kathalguri GCS,welding on flowline supports,,fire watch absent,ua_uc_observation
"During DG-3 exhaust duct inspection at Kathalguri GCS on 12.11.2025, around 06:40 hrs, the breathing air line routed across the walkway was run over by a toolbox trolley, pinching it flat for some minutes. The M/s Kalita & Sons worker inside felt the supply weaken, knocked on the duct and came out safely. Walkway crossing eliminated by rerouting the line overhead and a hose-ramp kept at the crossing point.",12.11.2025,Kathalguri GCS,DG exhaust duct inspection,M/s Kalita & Sons,confined-space entry control,near_miss
"On 26.11.2025, around 06:40 hrs, at Kathalguri GCS, a M/s Sadiya Services fitter climbing into DG-2 exhaust duct manway lost footing when one rung shifted under his weight. He caught the manway rim with both hands and hung briefly before colleagues steadied him; tools in his pouch dropped inside the empty duct. Ladder re-seated and tied off, and a three-point-contact reminder given at the morning TBT.",26.11.2025,Kathalguri GCS,DG exhaust duct inspection,M/s Sadiya Services,confined-space entry control,near_miss
"While calibrating dosing pump at Duliajan GGS-4 on 16.05.2025, mistri opened the wrong flange on the live spare pump due to interchange of tag plates. Small leak started, he tightened and reported. Tag plates were interchanged during last painting job and isolation list still shows old numbering. All tags re-verified by operations.",,Duliajan GGS-4,chemical dosing pump calibration,,isolation list outdated after modification,near_miss
"During night inspection of DG-1 exhaust duct at Kathalguri GCS on 04.11.2025, around 23:30 hrs, the intrinsically safe hand lamp of the M/s Sadiya Services helper flickered out deep inside the duct and no spare lamp was staged at the manway. He waited against the wall and guided himself out along the air line. Lamp-plus-spare check made a signed permit line item; two more EX-rated lamps procured for the GCS.",04.11.2025,Kathalguri GCS,DG exhaust duct inspection,M/s Sadiya Services,confined-space entry control,near_miss
Thorn in the finger while planting hedge cuttings at Kathaloni office garden. Thorn out and cream dabbed on. Garden gloves issued for the nursery work.,,Kathaloni,nursery work,,first aid / gloves,ua_uc_observation
"On 05.03.2025 a worker went in for DG exhaust duct checking at Kathalguri GCS station. Worker deep inside duct, his knee pressed air hose against duct floor rib and flattened it. Flow stopped, he heard his own breathing only. He shifted knee, flow came back, he finished inspection fast and came out. Self rescued this time. Duct floor rib padding done before next entry.",,Kathalguri GCS,DG exhaust duct inspection,,breathing air line kinked,near_miss
"Monsoon, 02.08.2024: DG exhaust duct inspection was going at Kathalguri GCS. Air hose passed through puddle and its coupling under water, coupling leaked air bubbles, pressure fell. Worker inside felt mask pressure low, came out. Coupling raised on stand afterward. Underwater coupling is silent leak point. Trolley and hose layout sketch made for duct jobs.",,Kathalguri GCS,DG exhaust duct inspection,,breathing air line kinked,near_miss
"Glycol vessel at Dumduma, entry planned 04:30 hrs to beat the heat. Lamp generator out of petrol, entry held. During the wait, supervisor walked the platform by torch and found a grating panel corroded through right where the entrant would stand to unbolt the manway. Hole covered, grating changed, entry done after sunrise. The delay everyone cursed was the delay that caught the hole. Petrol stocked; gratitude noted.",,Dumduma,glycol/methanol skid vessel,,entry during night shift without lighting,near_miss
"Observed at Baghjan EPS on 28 April 2025 that portable compressor delivery hose to sand blasting pot had no whip checks and hose was already bulging near coupling. Blasting not yet started luckily. Hose replaced on the spot, whip checks fitted both ends. UA/UC raised, blasting contractor told to bring certified hoses only.",,Baghjan EPS,hose operations,,missing whip checks on hoses,ua_uc_observation
An employee was installing a rear suspension airbag beneath a hydro-excavation truck when the airbag slipped off the truck's frame and struck him in the face. The employee sustained multiple facial [OUTCOME] and an intraparenchymal hemorrhage and was [OUTCOME].,2025-10-05,,,"Mulholland Energy Services, LLC",,
"On March 4, 2025, an employee was walking when they tripped over a rolled up work mat and fell to the floor. The employee sustained a [OUTCOME] hip.",2025-03-04,,,Trulite Glass & Aluminum Solutions,,
"Firewater tank at Kathalguri GCS. Side manway at bottom course used for entry, rescue rope tied to the manway davit whose pin was home-made from rebar, bent already. During practice pull, pin bent further, davit arm drooped. Rebar is not a pin grade. Proper machined pin fitted, davit load-tested with sandbags before next entry. The home-made pin went into the scrap bin, where jugaad goes to rest.",,Kathalguri GCS,firewater tank internal inspection,,harness attached to weak point,near_miss
"N2 purged vessel at Duliajan GGS-4, vented but the internal downcomer pipe trapped N2 like a cup. Entrant working near downcomer put his head at its opening to inspect, felt instant suffocation, pulled back and sat on tray breathing hard for a minute. Pocket gas inside internals does not show at manway testing. Downcomer flushed with air lance, re-tested at multiple points inside. Pockets, not averages, hurt people.",,Duliajan GGS-4,N2-purged vessel,,N2 purge not vented before entry,near_miss
"Shift handover at Moran GGS-1, 06:05 hrs. Night crew had the standby compressor's motor out for bearing work, receiver online on the duty machine. Morning fitter, not told which machine was which, opened the coupling guard of the duty compressor for a 'quick look' - the auto-start picked that minute to run it. The guard was still in his hand when the coupling began to turn. Machine identity now on big tags during any multi-machine job.",,Moran GGS-1,compressor coupling guard check,,shift change lock handover missed,near_miss
"An employee was operating a clipper machine and contacted maintenance when they noticed the machine was not working properly. Maintenance worked on the machine. While verifying that the machine was fixed, the employee's left index finger was [OUTCOME] above the first knuckle.",2025-03-19,,,Cobra Anchors Corporation,,
"At around 05:05 hrs fog at Kathalguri GCS, reboiler burner nozzle cleaning crew opened the gas train vent and gas came out strongly near the walkway to the control room. One passer-by felt smell, moved away fast. Vent of gas train points to the walkway side. Vent extended above roof level after this incident.",,Kathalguri GCS,glycol reboiler burner maintenance,,bleed pointed at walkway,near_miss
"An employee was walking to their car in the parking lot. Right before getting into their car, the employee stepped on an elevated island curb and slipped and rolled their ankle. The ankle was dislocated and [OUTCOME].",2024-06-14,,,Southwest Research Institute,,
"Night shift 28.09.2024 at EPS Sonari. Thunderstorm with heavy rain from 01:00 to 03:00 hrs. One PT on LP separator went erratic during lightning, settled after storm passed. Suspected surge in signal cable. Signal isolator to be provided as improvement.",,EPS Sonari,shift log,,process monitoring,ua_uc_observation
"Toolbox talk at drilling site Shalmari-1 on 06.09.2024 on hand tool inspection. No mushroom head chisel, file with handle, hammer face checked. 11 crew attended. Two chisels rejected and put in scrap bin. Colour coding of tools for the month explained by safety steward.",,Shalmari-1 drill site,toolbox talk,,tool colour code,ua_uc_observation
"Naharkatiya LACT enclosure: night, tanker loading, sampler line union sweating vapour. enclosure below-grade, vapour pooling. operator smelled at door, did not enter, raised alarm. LEL 20 percent inside. loading stopped, union remade, enclosure vented. no record of union leak before, now in logbook with torque value.",,Naharkatiya,LACT enclosure maintenance,,"unknown atmosphere, no historical data",near_miss
"Lighting transformer replacement maintenance work at Duliajan GGS-2 on 31.01.2025. During HT cable end box filling with compound, compound heater was connected to the same DB whose circuit was under isolation for the transformer work. When DB main was switched ON by other party for lighting, heater circuit came live while helper was checking heater plug with hand inside junction box. He withdrew on feeling first tingle. Temporary supplies now from separate construction DB only.",,Duliajan GGS-2,lighting transformer replacement,,interlock defeated,near_miss
An employee was installing an anchor point to tie off when he slipped on his lifeline and fell from a second-floor roof to a first-floor roof. He suffered [OUTCOME] to a rib and his right leg.,2024-01-04,,,"Affordable Roofing Systems, Inc",,
"During checking at CTF Duliajan on 09.06.2025, found one contract worker who had completed induction at Duliajan but his photo on the card was of poor quality, face not clear. New photo taken and card reprinted at the pass section. Clear photo on card helps gate checking. Old card punched and kept in record file.",,CTF Duliajan,contractor induction check,,,ua_uc_observation
"Contractor electrician at GGS-1 Moran was found testing a cable with bare hands touching the conductor end saying voltage is low only. Stopped immediately and tester given. LOTO already applied on that feeder, still explained that checking must be with meter only, never by hand. Note sent to his agency supervisor.",,GGS-1 Moran,electrical work observation,,,ua_uc_observation
Two fellows arguing loudly right outside the control room window about some personal matter. Supervisor settled it outside and both reminded that noise near the panel distracts the operator on duty. Shifted their break discussion to the mess.,,Tengakhat,control room supervision,,dispute settled away from panel,ua_uc_observation
"Material supplier reached Naharkatia GCS gate on 11.02.2025 without vehicle pass or escort. Kept at gate parking till stores section sent an escort, then taken inside by the marked route.",,GCS Naharkatia,vehicle entry control,,,ua_uc_observation
"Mud tank cleaning on this workover rig at Tengakhat on 26.05.2025. Tripod winch mounting holes on tank top were enlarged from repeated use, bolts loose play. Test pull showed tripod rocking. Tank top plate reinforced with backing plate before entry. Rocking tripod during real lift would walk itself to manhole edge. Test pull catches again.",,Tengakhat,mud tank entry on workover rig,,tripod winch absent,near_miss
"On July 15, 2024, an employee was climbing the fixed side ladder of a railcar while performing a visual inspection when they missed a grab bar on the ladder, falling to the ground and suffering a [OUTCOME] right femur.",2024-07-15,,,Watco Companies Mechanical Services,,
Oil soaked cotton waste was kept in an open tin near Hapjan workshop bench. Waste shifted to the covered metal bin as per rule. Open tin removed from the shop floor. Bench area cleaned thoroughly. Waste bin checking added to the end of day routine of the workshop incharge.,,Hapjan,workshop waste,,covered bin / housekeeping,ua_uc_observation
"Forklift at Kathalguri GCS lifted generator canopy with forks through lifting eyes not meant for fork tines. Canopy slipped sideways at 6 feet, hung on one fork only, tilted like it will fall any moment. Nobody went below, area cleared fast. Crane called to set it down. Fork pockets and lifting eyes difference taught in TBT, canopy lifting only by crane with slings written in work instruction.",,Kathalguri GCS,forklift_canopy_lift,,no_lifting_plan,near_miss
"An employee fell to the floor while moving a helium tank. The tank fell onto the employee, who sustained a [OUTCOME] left wrist, a laceration to the left hand, and an impact [OUTCOME] to the head.",2025-10-09,,,"Dollar Tree, Inc.",,
"A fitter from M/s Digboi Engineering Works locked the pilot gas valve at GGS-4 with his brass lock, noted nothing in the register, and went to attend another job at the GGS-2. Panel wanted the pilot lit for an emergency flaring and stood helpless for forty minutes till he cycled back. Briefing followed.",,Duliajan GGS-4,flare pilot line maintenance,,contractor used own lock without register,near_miss
"An employee was working on a tree thinning unit and was cutting a 6"" diameter tree. During the back-cut when the chainsaw kicked back. The saw struck her, resulting in a 3-inch laceration on her left leg below the knee. She was [OUTCOME] and required [OUTCOME].",2025-08-06,,,"US Forest service, Bitterroot National Forest, Stevensville Ranger District",,
"On February 21, 2024, an employee was driving a forklift to load an outbound shipment. The forklift struck a column and the employee sustained a cervical [OUTCOME] that required [OUTCOME].",2024-02-21,,,DHL Supply Chain,,
"At around 10:40 am on 13.02.2025 at WIP Duliajan, crane lifting pump motor when sling angle was found too narrow by lifting supervisor. Lift stopped, longer sling brought, angle corrected. Motor lowered back gently. Could have slipped the sling. Lifting plan revised for next motor also. Logged.",,WIP Duliajan,motor lifting,,lifting supervisor,near_miss
"On 09.12.2025 at Kathalguri GCS, around 23:30 hrs, entry into DG-2 exhaust duct by M/s Kalita & Sons began although the supervisor assumed a cold duct needed no test. Ten minutes in, the rescue-tripod rigger questioned it and the entry was aborted. Follow-up test showed oxygen at the duct floor below normal near the far end. No-test-no-entry strictly enforced and a second meter kept charged at the GCS panel.",09.12.2025,Kathalguri GCS,DG exhaust duct inspection,M/s Kalita & Sons,confined-space entry control,near_miss
"An employee was unloading car parts from a trailer at a delivery site and fell from the liftgate to the ground. The employee sustained [OUTCOME] ribs and a collapsed lung, as well as a head laceration from a car part that fell on his head.",2024-12-10,,,PENSKE LOGISTICS LLC,,
"On June 25, 2025, an employee was delivering packages when they began to feel ill due to heat-related illness. The employee was [OUTCOME] with heat stroke and a kidney [OUTCOME].",2025-06-25,,,United Parcel Service,,
Transformer pit entry at Baghjan EPS for gland plate work. rescue kit was kept at the main fire tender which was out for a mock drill at the CTF. entry held till the tender returned. drill planning now checks that site kits are not pulled away during drills.,,Baghjan EPS,transformer pit maintenance,,rescue kit at wrong location,near_miss
"Emergency number sticker peeling off the wall near the panel, half the digits curling away. Laminated board with all emergency numbers fixed at every panel and gate. Numbers must be readable at midnight in a hurry, not just at noon.",,Galeki,emergency display check,,laminated boards fixed,ua_uc_observation
"Safety meeting at GGS Dikom on 08.05.2024. Audit findings from last month reviewed: 3 closed, 2 in progress. Flare pit fencing repair to complete by month end. New safety poster display locations fixed at four points. Tea and biscuit served after meeting as usual.",,GGS Dikom,safety meeting,,flare pit fencing,ua_uc_observation
"Jorajan, jockey pump baseplate grout repair. The fitter was chipping old grout with the pump out of the way but the suction line still connected to the header through a closed valve. The valve was knocked by his swinging hammer handle and cracked open a fraction; header pressure found the open pump casing and the casing became a fountain in seconds. He shut the valve with shaking hands. Lines to removed equipment now blanked, not just valved, however short the job.",,Jorajan,jockey baseplate grout repair,,gravity/suspended energy not chocked,near_miss
"During night shift at around 02:15 hrs, technician was doing stroke calibration of corrosion inhibitor dosing pump at Kathalguri GCS when the pump suddenly started from auto mode. His hand was near the plunger and he pulled back just in time. PTW isolation section found blank, only verbal line clear taken from panel operator. Work stopped and informed to shift in charge.",,Kathalguri GCS,chemical dosing pump calibration,,permit-to-work isolation section blank,near_miss
"During monsoon at Baghjan EPS, transformer pit fully waterlogged after overnight rain. electrician entered pit to restore sump pump without ventilation or gas test. stagnant smell strong. he felt giddy and came up holding the ladder. oxygen found low. pit dewatered from outside and blower used after that.",,Baghjan EPS,transformer pit maintenance,,ventilation inadequate,near_miss
An employee was stocking items on the shelf and carrying a box up a ladder when she lost her footing and fell to the floor from approximately four steps up. The employee was [OUTCOME] with a [OUTCOME] hip that required [OUTCOME].,2024-07-01,,,Target Corporation,,
"A material handler operator was moving recycling material. When the operator let go of the material, the grapple swung back in the other direction. A piece of pipe flew from the grapple, striking an employee on the back of her hard hat. The employee fell to the ground and lost consciousness. The employee sustained a right parietal scalp [OUTCOME], frontal brain hemorrhage, and T1 and T3 spinous process [OUTCOME]. The employee was [OUTCOME].",2025-04-07,,,SA Recycling LLC,,
"Three employees were responding to a power outage caused by a recent storm. While climbing a utility pole, an employee contacted an electrical component with his left hand, thumb, and index finger, resulting in an electrical shock and probable exposure to an arc flash. The [OUTCOME] employee lost consciousness and was found hanging upside down in his rope harness, requiring [OUTCOME] and resulting in [OUTCOME].",2025-06-28,,,"PAR Electrical Contractors, LLC",,
"At around 11:40 hrs a mini truck delivering stores at GCP Makum misjudged the low portico of the old record room and almost entered. The cleaner standing there waved him to stop. Clearance was checked and the truck was routed to the rear gate instead. No scrape on the portico, no damage to the truck. Height bar to be fixed.",,GCP Makum,vehicle transit,,height clearance,near_miss
"An employee was stepping down off a 6-inch containment platform to finish loading his truck, when his right ankle rolled. The employee sustained a [OUTCOME] tibia and fibula at the right ankle and required [OUTCOME].",2025-10-22,,,"Hall Drilling, LLC",,
"N2 purged vessel at Baghjan EPS. Retrieval line was tied to harness shoulder straps by an overhand knot instead of dorsal ring, quicker per the helper. During drill pull, knot tightened across his shoulder blade painfully and pulled him sideways, neck jerking. Vertical lift needs dorsal attachment, shoulder lift folds a man like a chair. Knot removed, clipped to dorsal ring, drill repeated cleanly.",,Baghjan EPS,N2-purged vessel,,harness attached to weak point,near_miss
"Welding on substructure at Rig OIL-51, Hapjan on 14.07.2024. Welder asked helper to hold piece with hand because clamp missing. Arc started and helper's finger got small spatter, he pulled hand and piece fell on welder's foot. Both small hurt, first aid done. Clamp arranged from store. No clamp no welding, made rule. Tool pusher informed.",,"Rig OIL-51, Hapjan",welding on rig substructure,,no standby extinguisher,near_miss
An employee was adjusting the knife shaft on a jumbo press machine and sustained the [OUTCOME] of their left index fingertip at the first joint.,2025-03-20,,,PRECISION CORR L.L.C.,,
An employee was spot-welding when their right thumb and left index finger were crushed in the machine. The thumb and finger were [OUTCOME] and they sustained an [OUTCOME].,2025-05-27,,,"Unified Door and Hardware Group, LLC",,
"Chain pulley block of 5 tonne was rigged from purlin of Kathalguri GCS pump shed to pull out SRP gearbox for repair. No lifting plan made, nobody checked purlin capacity. Midway the purlin sagged and weld at one end opened with loud sound. Gearbox came down 3 feet and rested on guard rail. Fortunately nobody got hurt. Structural engineer called, portable gantry arranged, job completed after two days.",,Kathalguri GCS,srp_gearbox_lift,,no_lifting_plan,near_miss
"An employee was standing on a ladder. The rigging broke on a load of trusses that was being lifted. The trusses fell onto the employee, resulting in an [OUTCOME] to their back and ribs.",2024-09-05,,,Koyle's Classic Construction,,
"Roof of pump house at GGS-4: after sheet job done, leftover screws scattered on roof near gutter line. Next morning, another worker on roof slipped stepping on a screw, sat down laughing at himself. Screws on sloped roof are ball bearings. Magnetic sweep of roof after job added to completion checklist. Completion means clean, told to thekedar.",,Duliajan GGS-4,roofing sheet replacement,,leftover screws on roof,near_miss
"An employee was stacking metal trench boxes when a pin slipped and caught his right thumb, partially [OUTCOME] it.",2024-08-07,,,Bain Construction,,
"While doing hot work permit job near tank farm dyke at CTF Duliajan on 15.10.2024, fire watch saw grass catching small smoulder outside dyke from spark. He shouted and welder stopped machine, fire watch put out smoulder with extinguisher. Hot work stopped till area wetted. Reported to HSE officer.",,CTF Duliajan tank farm,hot work,,fire watch,near_miss
The PPE mandatory board at the workshop Makum entrance had faded to near white and new contract workers could not make out the helmet symbol. Board replaced with a reflective type by evening. All workers on the floor were anyway in full PPE that day. New joinee briefing covers PPE irrespective of the board.,,Workshop Makum,signage inspection,,safety signage,ua_uc_observation
An employee fell from a step ladder to the floor and sustained a [OUTCOME] left hip.,2025-08-18,,,Circle K Stores Inc.,,
An employee had been cleaning a conveyor system when she became caught in the moving parts of a drag conveyor located in the boot pit of a grain elevator. The employee sustained lacerations to the legs and lower torso. She also sustained abdominal trauma. The employee was [OUTCOME].,2024-02-07,,,Halls Industrial LLC,,
"At around 23:40 hrs, compressor K-402A at Kathalguri GCS was taken to standby for suction valve work but LOTO not applied as night crew thought auto start was inhibited. DCS logic restarted the machine on header pressure dip while mechanic was lifting the valve cover. Flywheel moved few degrees and cover wrench slipped from his hand. He was not touching rotating part fortunately. Machine switched off from field, locks put by all three trades, then only work continued.",,Kathalguri GCS,compressor valve replacement,,LOTO not applied,near_miss
"On 09.12.2025, around 11:25 hrs, at Kathalguri GCS, the standby man posted for DG-4 exhaust duct entry by M/s Kalita & Sons was found filling the checklist for entries not yet made, out of hearing of the worker inside. The entrant had to come to the manway himself to attract attention. Entry stopped and the standby changed. Standby-duty card printed in Assamese and Hindi and clipped to every permit.",09.12.2025,Kathalguri GCS,DG exhaust duct inspection,M/s Kalita & Sons,confined-space entry control,near_miss
"DG exhaust duct inspection of Kathalguri GCS genset happened on 20.05.2025. Worker inside duct, his overall pocket caught air hose and folded it double. Flow became whistle. He pulled hose straight, finished look, came out. Pocket buttoned afterward and hose carried on shoulder properly. Small fold, full choke. Duct entry observations shared with all three shifts.",,Kathalguri GCS,DG exhaust duct inspection,,breathing air line kinked,near_miss
"During safety committee walkdown at EPS Tengakhat, found contractor material stacking very close to the fire hydrant point, blocking approach. Stack shifted two metres away same day with their own labour. Photograph before and after attached. Contractor told that hydrant approach must remain clear at all times.",,EPS Tengakhat,housekeeping observation,,,ua_uc_observation
"18.11.2025, around 19:45 hrs: breathing air line of contract fitter of M/s Brahmaputra Enterprise inside DG-4 exhaust duct at Kathalguri GCS folded double at the first duct bend and flow dropped to almost nothing. He pulled the reserve line clip and signalled out, then exited. Standby man raised the alarm only after he came out. Line rerouted overhead the same shift and pre-entry line-stretch check added to the permit attachment.",18.11.2025,Kathalguri GCS,DG exhaust duct inspection,M/s Brahmaputra Enterprise,confined-space entry control,near_miss
"A security employee was responding to an urgent call from staff regarding a violent patient. The employee tripped and fell on the floor outside of the stairwell. The employee sustained a closed head [OUTCOME], contusion of the cerebrum without loss of consciousness, and a closed [OUTCOME] of the distal end of the right radius.",2025-10-28,,,CHRISTUS St. Frances Cabrini Hospital,,
"An employee was working on the axles of a trailer when the trailer slid off its support jack and it landed on their foot, [OUTCOME] it. They were [OUTCOME] requiring [OUTCOME].",2024-04-23,,,Trailer Wheel & Frame Co.,,
"At about 12:10 hrs on 15.06.2025 at Kathalguri GCS, methanol vessel bottom manhole was opened first instead of top one by new contractor team. Residual liquid methanol mixture drained suddenly on the worker kneeling at manhole, soaking his clothes. He moved back fast and removed outer clothes, skin washed at safety shower. Could have been eye contact or vapour inhalation in that kneeling posture. Top manhole first is the SOP, bottom only after confirming drained. Retraining done for the full crew.",,Kathalguri GCS,glycol/methanol skid vessel,,gas-free certificate stale,near_miss
"During DG-1 exhaust duct inspection at Kathalguri GCS on 21.11.2025, around 15:10 hrs, the breathing air line routed across the walkway was run over by a scaffolding-clip trolley, pinching it flat for some minutes. The M/s Jorhat Engineering worker inside felt the supply weaken, knocked on the duct and came out safely. Walkway crossing eliminated by rerouting the line overhead and a hose-ramp kept at the crossing point.",21.11.2025,Kathalguri GCS,DG exhaust duct inspection,M/s Jorhat Engineering,confined-space entry control,near_miss
"Mobile crane at Kathalguri GCS was lifting separator when rain started suddenly. Ground became slippery, mats started sliding when crane slewed. One mat shot out from under outrigger like from press, flew five meters, hit nobody fortunately. Load landed, work stopped till rain reduced. Mat sliding in rain discussed, mats with spikes arranged, slew speed reduced in wet condition. Weather monitoring for lifting job made part of permit formally.",,Kathalguri GCS,crane_separator_internals,,crane_on_uncompacted_ground,near_miss
"During workover operations at one Baghjan area well, rig #7 drawworks accumulator bank was not isolated before brake system work. When fitter cracked the union, pressure jerked the line and hose whip hit the guard near his head. Could have been very bad. Bank isolated and bled under supervision. Near miss card raised.",,Workover Rig #7,workover rig drawworks maintenance,,accumulator not isolated,near_miss
"During pig launcher door mechanism checking at Moran, barrel gauge was showing zero but the gauge was of wrong range, 400 kg, and small pressure not visible. Door seal retainer bolts loosened and hiss came, retainer narrowly missed flying to face of checking man. Correct range gauge fitted and small pressure drained.",,Moran,pig launcher door mechanism,,pressure gauge reads zero but trapped pocket,near_miss
"Monsoon day 14.07.2025, DG exhaust duct inspection done at Kathalguri GCS. Air hose outer cover soaked in rain water, became heavy, sagged into duct floor channel oil and stuck, then kinked when worker pulled. He freed it and came out. Hose support hooks fixed along duct afterward. Wet heavy hose behaves differently, lesson noted in job procedure.",,Kathalguri GCS,DG exhaust duct inspection,,breathing air line kinked,near_miss
"An employee was retrieving a garment rail system and discovered that the rail system had jammed. In order to fix the jam, he stepped off the catwalk onto the poles of the rail system to reach the stuck item. As he reached for the garment, he lost his balance, slipped, and fell approximately 10 feet to the floor, resulting in a [OUTCOME] left femur and another [OUTCOME].",2024-05-14,,,Quick Turn Distribution LLC,,
"After the nitrogen purity analyzer relocation at Kathalguri, its sample line still ran from the old tapping. Isolation of the analyzer per sheet left the old tapping live; technician opening the old point for blanking found pressure behind it. Sheet now shows both tappings with photographs.",,Kathalguri GCS,nitrogen plant compressor maintenance,,isolation list outdated after modification,near_miss
"Overhead water tank at colony Duliajan overflowed in the early morning and made the side walkway wet and slippery. Sweeper noticed during cleaning, put a caution board and squeegeed the water away. Residents were informed over the notice board. Nobody slipped, not even a near fall. Ball valve adjusted by plumber.",,Colony Duliajan,walkway use,,safety signage,near_miss
"26.11.2025 at Kathalguri GCS, around 19:45 hrs: during DG-4 exhaust duct soot cleaning by M/s Sadiya Services, agreed rope-tug signals from inside were missed twice because of the running firewater pump next to the duct. The worker inside kept working unaware. Miss discovered when attendant pulled the rope and felt no return tug. Entry halted, worker brought out safely, and a battery klaxon line now rigged for all duct entries.",26.11.2025,Kathalguri GCS,DG exhaust duct inspection,M/s Sadiya Services,confined-space entry control,near_miss
"02.12.2025 at Kathalguri GCS, around 23:30 hrs: during DG-1 exhaust duct soot cleaning by M/s Purbanchal Services, agreed rope-tug signals from inside were missed twice because of a passing crane horn and yard traffic. The worker inside kept working unaware. Miss discovered when attendant pulled the rope and felt no return tug. Entry halted, worker brought out safely, and a battery klaxon line now rigged for all duct entries.",02.12.2025,Kathalguri GCS,DG exhaust duct inspection,M/s Purbanchal Services,confined-space entry control,near_miss
"Two employees were troubleshooting an injection molding press. The machine activated and contacted the [OUTCOME] employee's left index finger, resulting in a partial fingertip [OUTCOME].",2025-11-20,,,PTA Corporation,,
"An employee was operating a rolling rope machine. Tooling fell out of the machine and landed on the employee's foot, breaking bones. The machine was not guarded at the time.",2025-07-25,,,SALEM-REPUBLIC RUBBER COMPANY,,
"Contractor plumber gang at QRT Duliajan colony pipeline work left the open trench near the quarter gate without barricade in the evening. Called the supervisor back, barricading with tape and one lamp done before dark. Next morning told him trench must never be left open near residential movement route.",,QRT Duliajan colony,excavation control check,,,ua_uc_observation
"Furnace at Moran GGS-1. The rope was there, harness clipped, but entrant removed his hard hat inside as it was hot, kept it aside. During exit he forgot hat, reached back through manhole with just his arm, arm got stuck at burr edge for a moment. Freed with soap water. Reaching back through manhole also is partial entry.",,Moran GGS-1,furnace entry forgotten hat retrieval,,communication rope missing,near_miss
"On 29.07.2025 around 09:55 hrs, forklift carrying scaffold material with loose ends turned at gantry corner. pipe end swung and broke the glass of notice board on walkway side. glass fell on walkway where workers pass each shift change. 10 minutes before shift change it happened, lucky timing. notice board shifted behind railing now.",,Duliajan GGS-2 loading area,forklift scaffold material turning,,load unsecured,near_miss
"A maintenance technician was servicing an extruder and removed the cam locking pin on a hot water/steam line to change a water hose. Hot water/steam sprayed out, striking the employee on the right forearm and the right side of their neck. The employee sustained burns to their neck, right forearm, and right leg.",2025-09-02,,,The Tensar Corporation (Georgia),,
"On 7/16/2025, an employee was working inside a communication wire pull-box with the lid partially removed. As the employee was standing up, they placed their hand on the pull-box lid. One end of the lid slipped into the pull-box. This caused the other end of the lid to strike the employee's mouth. The employee sustained a [OUTCOME] jaw and three broken teeth.",2025-07-16,,,TransCore,,
"During DG-4 exhaust duct inspection at Kathalguri GCS on 09.12.2025, around 19:45 hrs, worker inside the hot duct found his tapping signals unanswered. The posted attendant of M/s Kalita & Sons was sent to the store for a replacement hand lamp. Worker exited on his own after several anxious minutes. Entry was suspended, attendance-at-post rule re-explained to both shifts, and a no-relief-no-entry line added to the confined-space register.",09.12.2025,Kathalguri GCS,DG exhaust duct inspection,M/s Kalita & Sons,confined-space entry control,near_miss
"An employee was using a torch to dismantle a boiler in the basement when the torch slipped out of his hand and swung in the opposite direction, catching his shirt on fire. The employee sustained a burn to his right arm and the right side of his stomach.",2024-10-03,,,J Bass & Son,,
"The fire extinguisher mounting post at well NHK-176 plinth was faded and rusty. it was repainted green and white, vegetation around the sign trimmed on 5 September 2024. painting completed on 5 September 2024 in two coats.",,well NHK-176,paint/marking maintenance,,none,ua_uc_observation
Stack of empty jerry cans was lying near the Balimara lube store wall blocking the fire extinguisher point. Cans shifted to the storage yard. Extinguisher approach cleared and marked with a yellow box on the floor. Store keeper told that nothing should be kept within one metre of any extinguisher.,,Balimara,lube store,,extinguisher access,ua_uc_observation
"On 15.12.2025, around 19:45 hrs, at Kathalguri GCS, a M/s Brahmaputra Enterprise fitter climbing into DG-1 exhaust duct manway lost footing when a missing anti-slip strip gave way. He caught the manway rim with both hands and hung briefly before colleagues steadied him; tools in his pouch dropped inside the empty duct. Ladder re-seated and tied off, and a three-point-contact reminder given at the morning TBT.",15.12.2025,Kathalguri GCS,DG exhaust duct inspection,M/s Brahmaputra Enterprise,confined-space entry control,near_miss
"During visit at Kathalguri GCS tank farm on 17.03.2025, found stairway welding going on and machine earthing taken on earthing strip of nearby lighting pole. Pole strip is for fault current, not welding return. Long path through strip can heat it. Proper short return given to job. Welder said strip was convenient; told convenience is not criterion. Earthing strip inspection done for all poles in farm. Observation recorded for electrical section.",,Kathalguri GCS,welding repairs on tank farm stairway,,weld machine earthing on pipeline,ua_uc_observation
"On 06.04.2025 around 15:50 hrs, forklift with gas cylinder pallet climbed small ramp at loading dock, wheel spun on oily patch and machine slid sideways toward ramp edge. operator jumped holding cage. no pedestrian nearby fortunately, but dock edge has no kerb or chain. ground soft after morning rain made slide worse. ramp cleaning and kerb demanded.",,Duliajan GGS-2 loading area,forklift cylinder pallet on dock ramp,,road edge soft after rain,near_miss
"At around 04:50 hrs, Dumduma, a fitter was kneeling at the screw conveyor trough bolting a new hanger bearing. Isolation was done, lock applied, but try start skipped because the MCC room is two hundred metres away and it was raining. A relief operator, seeing production halted, started the conveyor from the field push button station which was wired to bypass the lockout relay. The screw moved one pitch before tripping. The fitter's hand was off the flight by luck alone. Field stations now included in lockout points.",,Dumduma,hanger bearing replacement,,isolation done but not verified by try-start,near_miss
"The concrete marker as it happened, post at the SRP approach-road right then, crossing on the at that very point, Moran field road at that moment, broke and halted us on 27.10.2024, about 01:20 hrs. The driver just then, had been on a call and all at once, not ever saw the crossing. The real SRP foundation stood a at that instant, handful of metres by chance, beyond; that would in that moment, not have broken. The call was right at that point, around the next day's duty roster, of all things. He got a at that very moment, stern warning; phones ride in the then and there, glove box from the first kilometre in a flash, currently, and the crossing markers were without warning, repainted with reflective tape.",,Moran field roads,light vehicle on lease road at night,,phone use while driving,near_miss
"CP rectifier at Duliajan GGS-2 on 27.11.2024. During rectifier efficiency testing, load bank connected to the output. Load bank cable laid through a puddle and its joint was a taped twist joint, not crimped. Joint heated and smoked in the puddle — steam rose. Man adjusting the load bank saw the smoke first and switched off. Cable joints for test setups now crimped and kept off ground on stands.",,Duliajan GGS-2,cathodic protection rectifier,,live busbar exposed,near_miss
An employee tripped while walking down stairs and suffered two broken ankles.,2024-11-03,,,"Roger's Cafe, Inc.",,
"At around 02:55 hrs on 16.08.2024, mud tank no. 1 entry on the workover rig, Tengakhat. Attendant heard hiss from mud pump relief line nearby and went to look, worried. His worry was right, but his post was wrong choice. Worker inside alone eight minutes, came out for break. Both talked it out. Now rule: attendant stays, second man investigates.",,Tengakhat,mud tank entry on workover rig,,attendant missing,near_miss
"Old chemical tank lifted at Baghjan EPS, welded ladder on shell had old weld. Ladder came off during lifting and fell on ground away from crew. Attachments checked before lifting now, ladder removed first where possible.",,Baghjan EPS,crane_tank_lift,,no_lifting_plan,near_miss
"During hydraulic line tracing near Baghjan EPS ETP area, fitter cut the line assuming drained. Stored pressure oil jet sprayed the walkway and narrowly missed legs of two passing operators. Line was connected to live header through one passing valve. Positive isolation with blind done before cutting.",,Baghjan EPS,wellhead hydraulic line work,,stored hydraulic energy not released,near_miss
"At Kathalguri GCS around 19:40 hrs, K-406 suction valve job tag was on the machine but the starting air valve tag had fallen in the oil drip tray. Panel operator pressed start for the scheduled run. Engine rolled with the starting air and stopped on trip. Mechanic at the open valve felt the casing move and shouted. Only fright and one bent feeler gauge. Drip tray cleaned, tag wire made longer.",,Kathalguri GCS,compressor valve replacement,,tag without lock,near_miss
"An employee was working from a 6-foot step ladder to look for a possible concrete wall opening to run a wire. The employee lifted up a ceiling tile and turned his torso to look at the area above the ceiling tiles. The ladder shifted and the employee fell approximately 4 feet to the concrete floor, striking their hip and lower back. The employee sustained a spinal [OUTCOME] in their lower back.",2025-03-17,,,ESCO Security,,
"While parking the portable light tower trolley at EPS Balimara laydown area on 23-09-2024 around 19:35 hrs, the trolley rolled on the slope after parking pin was not engaged and its tow bar touched the parked trailer bumper. Pin engaged, trolley chocked additionally. Laydown area slope was known but underestimated. All trolley parking now double pinned plus chock, no exceptions.",,EPS Balimara laydown area,trolley parking,,double pin + chock,near_miss
"Old pump pulled at Duliajan GGS-2 with one foundation bolt not fully cut. Pump came free suddenly, anchor padeye bent, pump fell on wooden blocks. Bolt cutting completeness checked by second person from then.",,Duliajan GGS-2,chain_pulley_block_motor,,no_lifting_plan,near_miss
"An employee was in a man basket, cleaning off beams and removing overhang jacks. The basket was moved while his left hand was on its guardrail, and his middle and ring fingers were crushed between the guardrail and a highway beam. He suffered [OUTCOME] to the two fingers.",2024-02-07,,,Manhattan Road & Bridge Company,,
"On 02.12.2025 at Kathalguri GCS, around 19:45 hrs, entry into DG-1 exhaust duct by M/s Purbanchal Services began although the meter battery had run down the previous night. Ten minutes in, the rescue-tripod rigger questioned it and the entry was aborted. Follow-up test showed oxygen at the duct floor below normal near the far end. No-test-no-entry strictly enforced and a second meter kept charged at the GCS panel.",02.12.2025,Kathalguri GCS,DG exhaust duct inspection,M/s Purbanchal Services,confined-space entry control,near_miss
"Heat gun paint stripping near GCS Moran gas detection zone on 28.04.2025 around 15:30 hrs, heat wave. Painter poured some solvent from bottle on rag to wipe surface first. Bottle kept open on stand near heat gun. Vapour from bottle caught heat and small flame came on bottle mouth. He closed cap fast and moved bottle away. Solvent use near heat gun was not thought by gang. Solvent shifted 15 metre away. Informed shift supervisor.",,Moran GCS,paint stripping with heat gun,,sparks crossing to adjacent area,near_miss
"While doing fuel gas scrubber drain valve change at Duliajan GGS-4, contractor mistri put his own lock on the scrubber inlet valve without register entry. Night shift wanted to put scrubber in service, found lock, got confused. Lock owner was traced after one hour. Delay happened but at least lock was not cut. Register entry made compulsory.",,Duliajan GGS-4,fuel gas scrubber drain valve maintenance,,contractor used own lock without register,near_miss
"Around 11:30 hrs at Kathalguri GCS, contract technician was removing the clogged drip pot of the fuel gas analyzer line without closing the analyzer root valve, depending on the small needle valve inside the shelter. Needle valve stem broke in his hand when he tightened, gas came from the open line. He ran out and closed the root from outside. LEL in the shelter showed reading, ventilated by opening both doors. Spare needle valves stocked and root valve closing made the first step.",,Kathalguri GCS,instrumentation on live line,,LOTO not applied,near_miss
"During workover operation at Well BGR-23, mud pump pressure shot up suddenly due to plugged nozzle. Driller pressed e-stop and pump tripped before relief line hammered. Nozzle cleaned, pressure normal. Could have burst the hose. Informed tool pusher, pump checked before restart.",,Well BGR-23,workover operation,,emergency stop,near_miss
"At Duliajan GGS-4, separator internal inspection in monsoon, humidity so high the blower air felt warm and wet. inspector felt heaviness after ten minutes and came out. work shifted to early morning hours. weather window added to the permit for summer and monsoon jobs.",,Duliajan GGS-4,separator vessel manway work,,ventilation inadequate,near_miss
"At Kathalguri GCS around 12:15 hrs, igniter panel key was left hanging in the door after morning calibration. Panel operator pressed the igniter test for the daily check while technician was connecting the igniter rod cable with bare fingers at the terminal. Spark pulse came through the cable and he snatched hand back. Finger numb for some minutes. Daily test timing now fixed and informed, key out after every use.",,Kathalguri GCS,heater burner maintenance,,key left in panel,near_miss
"13.07.2024, 15:40 hrs, steady drizzle. I was alone in the pickup near the Baghjan EPS bund checking the erosion point. While backing, the rear tyres entered a freshly eroded soft patch and the vehicle slid backwards about two metres before digging in. The Dangori was running full just beyond. Climbed out and called QRT; their winch vehicle pulled me up slowly. 'Never reverse alone near erosion' is now a written line in our duty SOP, and my supervisor makes sure everyone reads it.",,Baghjan road,pickup on bund road in monsoon,,reversing without spotter,near_miss
"An employee was wearing cut-resistant gloves while operating an automatic slitter. The machine stalled and the employee placed their right hand on a panel to clean it before cutting. The slitter started running again, catching and damaging the cut-resistant glove. The employee's hand made contact with the slitting blades, resulting in [OUTCOME] of the right ring finger and [OUTCOME] to two other fingers and lacerations to the hand. The employee was [OUTCOME]. The machine was not guarded at the time.",2025-05-20,,,"SAINT-GOBAIN ABRASIVES, Inc.",,
"During summer at Kathalguri, cable trench near HT yard opened after months. one electrician entered without ventilation as it was a quick look job. hot stale air hit him and he stepped out within a minute. blower run for 15 minutes and then inspection done. quick jobs also need checks.",,Kathalguri,cable trench work,,ventilation inadequate,near_miss
An employee was repairing a dough-forming machine when it [OUTCOME] his right index fingertip.,2025-06-17,,,Europastry USA Inc.,,
"Kathalguri flare pilot line froze in a January cold wave. Instead of steaming, one helper tried warming the line with a hot cloth near an open union. Trapped gas pushed out, caught the warmth, and flashed briefly at the union. Cloth and helper both survived. Proper steam lance used afterwards.",,Kathalguri GCS,flare pilot line maintenance,,single block valve on gas service (no DBB),near_miss
"One helper got a honeybee sting on the forearm while trimming the hedge near GCS-8 chemical shed. the thorn was removed, antiseptic applied and canvas gloves given. observed for 5 hours at the site dispensary, all fine.",,GCS-8 Naharkatia,insect bite treated,,none,ua_uc_observation
An employee slipped on ice in a parking lot and fell. The employee was [OUTCOME].,2025-01-22,,,USPS,,
An employee was removing wood scraps from a concrete pad where he was to deliver sawdust. The wood scraps moved and he fell to the concrete pad. The employee sustained a [OUTCOME] greater trochanter on their left femur.,2025-08-06,,,"KyKenKee, Inc.",,
"A child ran for the school bus across the Baghjan road at about 05:50 hrs on 18.04.2025, into just then, the path of the first-shift all at once, crew bus. The driver had cut out the governor for at that instant, extra trips. Braking from far as in that moment, well fast, the driver slewed the right at that point, bus to a halt with the lad down from fright at that very moment, at the front bumper. He cried; then and there, his teacher came running. Any later on the pedal and there is no report, only a funeral. The governor-tampering in a flash, surfaced during checking. The bus contractor without warning, was handed a final notice and school-zone speed was enforced.",,Baghjan road,crew bus transport,,speed governor bypassed,near_miss
An employee was riding in a utility task vehicle (UTV) when his leg was caught between the UTV and a dumpster. The employee sustained a [OUTCOME] femur.,2025-05-21,,,"Gaylor Electric, Inc.",,
"At GGS-3 Kathaloni on 31.01.2025, morning fog caused line fault and supply went off for six minutes. UPS carried fire and gas system and PA system without break. QRT did full round during outage. All pumps restarted from panel after supply came. Could have been blind without gas detection. Logged and appreciated the maintenance of UPS.",,GGS-3 Kathaloni,power monitoring,,UPS,near_miss
Boiler at Naharkatiya GGS-3. Blowdown tank connected line LOTO was done at boiler end but blowdown tank itself was receiving from another boiler in operation. Back pressure pushed hot condensate into the idle boiler drum through common line. Inspector felt drum floor warm before entry and questioned. Common header isolation blinds put. Shared systems need double thought.,,Naharkatiya GGS-3,boiler drum entry common blowdown backflow,,LOTO incomplete on connected lines,near_miss
"Welding on substructure of rig at Well NHK-142 on 10.09.2024. Well was live and christmas tree hardly 15 metre from weld location. During welding, wind direction changed and hot slag started falling towards tree side. One piece landed near grease bucket kept below tree. Grease surface caught small flame, doused at once by standby man. Job shifted to other side of rig after wind check. Reported to OIL drilling superintendent office.",,"Rig OIL-41, NHK",welding on rig substructure,,sparks crossing to adjacent area,near_miss
An employee was using a spooling machine for metal wire and suffered a partial [OUTCOME] to the left middle finger.,2024-02-22,,,Eaton Cooper Power Systems,,
"Winter fog outside on 16.01.2025; DG set exhaust duct at Kathalguri GCS was under inspection. Worker inside duct on breathing air, the supply hose got trapped under duct support angle when he moved forward. Flow stopped fully. He kept cool, reversed slowly and freed line himself, then came out. Fortunately no panic. Hose routing changed and checked by HSE next day.",,Kathalguri GCS,DG exhaust duct inspection,,breathing air line kinked,near_miss
An employee was riding on the front of a mobile hopper when their right leg was caught between the mobile hopper and a parked vehicle. The employee sustained three [OUTCOME] to their right tibia.,2024-12-03,,,"CNS Networks, LLC",,
"On 02.12.2025, around 06:40 hrs, at Kathalguri GCS, the standby man posted for DG-3 exhaust duct entry by M/s Purbanchal Services was found chatting with a passing crew twenty metres away, out of hearing of the worker inside. The entrant had to come to the manway himself to attract attention. Entry stopped and the standby changed. Standby-duty card printed in Assamese and Hindi and clipped to every permit.",02.12.2025,Kathalguri GCS,DG exhaust duct inspection,M/s Purbanchal Services,confined-space entry control,near_miss
A vertical dock leveler came down unexpectedly. An employee was stopping it from crashing down when it broke both of his lower legs. He was [OUTCOME].,2025-05-09,,,HQI Door Company,,
"At Digboi, helper entered old cable trench behind CTF for locating a fault. no H2S monitor given as trench job treated as routine. foul gas from a choked drain crossing made him cough and he came out fast. drain had H2S. monitor arranged and trench ventilated before next entry.",,Digboi,cable trench work,,H2S monitor not used,near_miss
"One contract helper at Digboi separator was washing the vessel internals without personal monitor, saying water job has no gas. sludge pocket under the wash released vapour and he felt uneasy. came out and monitor check done. water moves the gas, does not remove it, explained with the reading.",,Digboi,separator vessel manway work,,H2S monitor not used,near_miss
"On 09.12.2025, around 15:10 hrs, at Kathalguri GCS, a M/s Kalita & Sons fitter climbing into DG-4 exhaust duct manway lost footing when the unsecured ladder kicked sideways a few inches. He caught the manway rim with both hands and hung briefly before colleagues steadied him; tools in his pouch dropped inside the empty duct. Ladder re-seated and tied off, and a three-point-contact reminder given at the morning TBT.",09.12.2025,Kathalguri GCS,DG exhaust duct inspection,M/s Kalita & Sons,confined-space entry control,near_miss
"A temporary employee was putting a piece of wood under the tire of an insulation vacuum when her hair was pulled into the engine portion of the unit, causing contusions to the head and eyelid.",2024-02-27,,,"BREATHE GREEN, INC.",,
"On 26.11.2025 at Kathalguri GCS, around 15:10 hrs, entry into DG-4 exhaust duct by M/s Sadiya Services began although the four-gas meter was with another crew. Ten minutes in, the rescue-tripod rigger questioned it and the entry was aborted. Follow-up test showed oxygen at the duct floor below normal near the far end. No-test-no-entry strictly enforced and a second meter kept charged at the GCS panel.",26.11.2025,Kathalguri GCS,DG exhaust duct inspection,M/s Sadiya Services,confined-space entry control,near_miss
"18.06.2024, about 14:55 hrs, summer afternoon. A bus driver who had done the morning and afternoon runs back to back dozed near Balijan; the bus climbed the footpath and nudged an electric pole. The pole held; the passengers screamed. A falling pole brings live wire down on a bus roof with everyone inside. He did not even remember the impact. His duty register showed not a single off day in a month. One rest day in seven is now compulsory for the bus contractor's drivers.",,Duliajan-Naharkatiya road,crew bus transport,,fatigue (double shift),near_miss
"DG exhaust duct at Kathalguri GCS was inspected on 02.05.2025. Worker inside duct moved past internal baffle, air hose caught on baffle edge and folded flat. He signalled by rope, attendant pulled him back slowly, hose released itself. He came out drenched in sweat. Baffle edges were rounded off with file work afterward.",,Kathalguri GCS,DG exhaust duct inspection,,breathing air line kinked,near_miss
"Fitter was changing drawworks brake hose at rig #5 and assumed system is dead because power pack motor was off. Accumulator held full pressure and hose end swung when disconnected, narrowly missed his jaw. Almost a serious case. Zero energy verification with gauge and test bleed now mandatory before any hose removal.",,Workover Rig #5,workover rig drawworks maintenance,,accumulator not isolated,near_miss
"While doing crew transport on 23.07.2025 around 07:55 hrs, bus crossed the Duliajan township school zone during the rain. One child's umbrella flew from his hand due to wind and came under the bus front. Bus stopped and umbrella came out fully crushed. Child was standing safely on the footpath holding his father's hand. Child started crying for the umbrella. Driver bought one new umbrella from the next shop and gave. Small incident but bus stopping distance near school was checked and found fine.",,Tinsukia-Duliajan road,crew bus transit near school zone,,fog lights broken,near_miss
"At around 10:05 hrs on 21.02.2025, pest control treatment certificate of Tinsukia canteen found outdated; last gel treatment done nine months back. Fresh treatment done on 24.02.2025 including kitchen drain and store racks. Quarterly pest control contract review taken up with admin section.",,Tinsukia Area Office,pest control compliance check,,pest control,ua_uc_observation
"On January 23, 2025, an employee was performing maintenance work on an HVAC unit at a client site. As he was reaching into a tight space to access a mechanical water valve, his hand grazed the end of an unprotected live electrical wire. He suffered an electrical burn.",2025-01-23,,,All Temp Refrigeration Inc.,,
"During monthly inspection on 04.07.2025, brake fluid reservoir of pool Scorpio AS-06-AE-4422 found at minimum level with slight dampness near rear wheel cylinder. Fluid topped and wheel cylinder seal replaced at workshop. Brake pedal feel checked after bleeding; found satisfactory. Record entered in maintenance register.",,Duliajan Transport Section,vehicle brake system check,,vehicle fitness control,ua_uc_observation
"During POOH at rig #7 around 04:35 hrs, tubing elevator was being lifted by tugger when tugger operator was changed mid job. New operator pulled wrong lever first, elevator dropped one foot before brake applied. Lever positions were not marked clearly. Lever marking done, handover between operators made formal with two minute familiarization. Elevator was over empty setback area fortunately. Marking tape kept at all rig hoists after this.",,workover rig #7,air_tugger_pipe_handling,,rigger_uncertified,near_miss
An employee cut his finger with a circular saw he was using to rip trim for a building under construction. He was [OUTCOME].,2024-01-31,,,Cowboy Contractors,,
"During PTO shaft lengthening for the new pump at Baghjan EPS, the shaft was tack-welded on the vehicle with the battery still connected. Welding return current found a path through the PTO bearing, and when the mechanic later turned the shaft by hand, the brinelled bearing seized and the shaft wrench was snatched round, rapping his knuckles. Battery off and return clamp close to the weld - basic, but skipped that day.",,Baghjan EPS,PTO shaft welding,,isolation done but not verified by try-start,near_miss
"Forklift at Kathalguri GCS store was lifting two pallets stacked, exceeding mast height limit written on plate. Top pallet shifted and one box fell from about 12 feet near gate where security man sits. He was inside cabin fortunately, box hit chair kept outside. Stacking two pallets banned, mast height marked with red tape, security cabin shifted away from lifting zone. Storekeeper given memo for allowing such practice.",,Kathalguri GCS,forklift_overload,,load_chart_not_consulted,near_miss
An employee was skiing from one job location to another when he fell and struck a wooden fence on the side of a trail. The employee sustained a [OUTCOME] femur.,2024-01-13,,,"Vail Summit Resorts, Inc.",,
"On 16.10.2024 at Kathalguri GCS during DG exhaust duct inspection, breathing air hose was longer than needed, coiled extra inside duct, worker stepped on his own coil and kinked it. Flow choked, he lifted foot and freed it. Extra length henceforth kept outside with attendant managing feed. Simple hose discipline written into duct entry procedure.",,Kathalguri GCS,DG exhaust duct inspection,,breathing air line kinked,near_miss
"Tank entry at Moran GGS-1 for roof drain valve servicing. Communication rope tied by entrant to internal roof leg to keep slack free, defeating rescue purpose. When he slipped, rope was anchored inside, standby outside could not pull. He climbed to manhole himself. Rope goes from entrant to standby only, no intermediate anchors. Diagram added in toolbox talk.",,Moran GGS-1,roof drain servicing rope misroute,,communication rope missing,near_miss
An employee was preparing to replace a belt on a fan drive assembly. He went to manually stop the fan and was caught by the belt. His hand was pulled into the machine and his left little fingertip was [OUTCOME].,2025-09-15,,,"Enviva, LLC",,
"At around 11:40 hrs at Kathalguri, crane was lifting old light tower mast. Mast base bolts were rusted, came off suddenly during lifting, mast swung vertical from horizontal, base end hit ground hard, mast bent at middle. Crew was at distance fortunately. Rusted bolt behavior during lifting unpredictable, bolts to be freed before crane pull. Mast was scrap, no loss. Cutting torch used to free stuck bolts afterwards. Lift plan included bolt freeing step from then for all such jobs.",,Kathalguri GCS,crane_mast_lift,,no_lifting_plan,near_miss
"An employee was using a telehandler to move pallets of pellets from a pod. The employee exited the telehandler to pick up a sacrificial pallet that is placed under the bottom layer of pallets. When the employee turned to pull the pallet away, the top two tiers of the pod fell on him. The employee sustained a [OUTCOME] ankle, three [OUTCOME] ribs, and [OUTCOME] vertebrae.",2025-09-25,,,"Lignetics of Maine, LLC",,
"On 15.12.2025, around 15:10 hrs, at Kathalguri GCS, the standby man posted for DG-1 exhaust duct entry by M/s Brahmaputra Enterprise was found asleep sitting against the duct cladding, out of hearing of the worker inside. The entrant had to come to the manway himself to attract attention. Entry stopped and the standby changed. Standby-duty card printed in Assamese and Hindi and clipped to every permit.",15.12.2025,Kathalguri GCS,DG exhaust duct inspection,M/s Brahmaputra Enterprise,confined-space entry control,near_miss
"During night inspection of DG-2 exhaust duct at Kathalguri GCS on 07.11.2025, around 06:40 hrs, the intrinsically safe hand lamp of the M/s Purbanchal Services helper flickered out deep inside the duct and the spare lamp battery was also drained. He waited against the wall and guided himself out along the air line. Lamp-plus-spare check made a signed permit line item; two more EX-rated lamps procured for the GCS.",07.11.2025,Kathalguri GCS,DG exhaust duct inspection,M/s Purbanchal Services,confined-space entry control,near_miss
Morning walkdown found a bird nest inside an unused starter panel with the door slightly open. Panel kept switched off and the nest cleared by the electrician with the supply confirmed dead. Panel doors now checked for proper closing after every job.,,Kumchai,panel inspection,,panel isolated and nest cleared,near_miss
"During flare tip inspection preparation at GGS-4, rope access vendor's resume showed height medical expired for one technician. He was already kitted up at base of stack. Removed from job, replacement called. Medical fitness for height work is not paperwork only, a dizzy spell at 40 m is a fall. Vendor warned in writing through contract cell.",,Duliajan GGS-4,flare stack platform inspection,,medical fitness lapse,ua_uc_observation
"N2 purged vessel at Dumduma, night exit after gasket job. Stair from platform had its mid-rail removed for pipe lifting that afternoon and chain not refitted. Attendant descending first with arms full of blanks stepped toward the open gap, felt air where rail should be, stopped with his heart in his mouth. Chain refitted by torchlight, blanks carried down in two trips. Rails removed for lifting return before the lifter's truck leaves.",,Dumduma,N2-purged vessel,,entry during night shift without lighting,near_miss
"Crane lifting pump skid at Kathalguri GCS, tag line was held by trainee alone. Skid swung towards live control panel, trainee could not control, panel door hit and dented. Panel was energized inside, glass meter broke. Two person tag line rule for loads above one tonne made, panel shifted away from lifting zone later, temporary barrier put during lifts. Electrician checked panel, no internal damage fortunately.",,Kathalguri GCS,crane_pump_skid_lift,,tag_line_not_used,near_miss
"An employee was standing approximately 6-8 feet high on an A-frame ladder and cutting a tree limb using a power pruner. The employee threw the cut limb to the ground and it bounced, striking the ladder. The employee fell from the ladder and struck his head on the concrete ground. The employee sustained head trauma.",2025-07-03,,,Larsen Landscape & Tree Service Inc,,
An employee had been unloading packages. His right middle fingertip was [OUTCOME] while he was opening a container on the castor deck.,2025-11-22,,,FedEx Corporation,,
Observation at GGS-2 heater area on 25.07.2025: fuel oil day tank outlet job planned but isolation sketch showed no vent point between the tank and the heater pump. Sketch corrected before starting and vent provided. Sketch review made compulsory by the issuer signature. Recorded as unsafe condition caught before the job.,,Duliajan GGS-2,heater burner maintenance,,stored pressure not bled,ua_uc_observation
"On August 5, 2025, at approximately 8:35 AM, an employee was stubbing conduit onto a switchgear cabinet to install a bell end when they contacted a live component in the cabinet. The employee was shocked and sustained burns to their head, arms, and back, requiring [OUTCOME].",2025-08-05,,,"Hoerr Construction, Inc.",,
"During calibration of demulsifier dosing pump at Kathalguri GCS, the calibration pot vent was found choked and pressure built when pump stroked. Pot glass tube shattered and pieces fell on the platform, narrowly missing the helper below. Pot was not in the energy source list so it was never depressurized during isolation. Pot added to isolation checklist same day.",,Kathalguri GCS,chemical dosing pump calibration,,energy source list incomplete,near_miss
"One fellow sharpening pencil with blade near control desk. Gave him a sharpener, blade disposed safely.",,Duarmara,control room observation,,sharpener provided,ua_uc_observation
Water tank overflowing behind the mess and a green algae patch spreading on the wall and floor. Overflow pipe extended to the drain and the patch scrubbed clean. Tank level now checked in the morning mess round.,,Naharkatia,mess area inspection,,overflow piped to drain,near_miss
Gas leak emergency mock drill conducted at Dumduma GGS on 25.08.2025 using a simulated scenario. SCBA donning practiced by four operators within time. One SCBA face strap found loose and adjusted by fire staff. Escape route wind sock found faded and replacement indented. Drill report submitted to fire section.,,Dumduma,emergency drill,,mock drill / SCBA,drill
"While on a scaffold, an employee was transporting heated sealant material in a bucket. The employee tripped and fell, causing the heated material to splash onto his gloved hands. The employee sustained [OUTCOME] to both hands and his right wrist.",2025-06-24,,,Triple A Mountain Water Proofing,,
"An employee was fixing a shifting load that was being hoisted on a cable elevator when his gloved hand got caught in the wire rope, [OUTCOME] his right little fingertip.",2024-03-05,,,"Galindo & Boyd Houston, LLC",,
"Lighting transformer replacement at Digboi on 07.02.2025. HT drop-out fuse barrel would not seat properly. Lineman tapped it with the bakelite handle of his plier while holding the barrel by hand — line was being recharged at that moment from substation due to early closing by operator. Arc at barrel, he let go and barrel fell to ground. Time coordination now by both-side phone confirmation only, not clock time.",,Digboi,lighting transformer replacement,,second feed back-energizes,near_miss
"LOTO incomplete on PSV inlet isolation during oily water separator pit work at Moran GGS-1. PSV tail line vented near pit. During nearby vessel pressure buildup, PSV popped and vapour cloud drifted over pit where two workers were cleaning. They came out coughing, fortunately vapour was mostly steam side. PSV isolation added to pit entry permits.",,Moran GGS-1,OWS pit cleaning near PSV vent,,LOTO incomplete on connected lines,near_miss
"During slug catcher pit inspection at Naharkatiya GCS, helper saw snake coiled near pit ladder while descending. he panicked and climbed back fast, almost slipped on wet rung. pit cleared by snake catcher next day.",,Naharkatiya,slug catcher pit inspection,,snake at entry point,near_miss
"While pulling chain block to align pipe spool at Baghjan EPS on 15 September 2025, helper kept hand on chain near sprocket wheel and fingers almost drawn in when chain jumped. He removed hand just in time as mistri shouted. Hands in pinch point. Spool alignment continued with push rod. Incident shared in site WhatsApp safety group also.",,Baghjan EPS,spool alignment,,hands in pinch point,near_miss
"A sanitation employee entered the chemical room and slipped on the wet floor. When he slipped, he kicked over a bucket containing cleaning chemicals. The chemicals splashed onto the employee's clothing and burned his skin.",2025-10-28,,,"Quality Snack Foods, Inc.",,
"On 04.05.2025 around 08:25 hrs, one pickup van went past the Duliajan township school zone with the driver's door not closed properly. Door swung open near the crossing and hit the crossing guard's umbrella stand. Umbrella fell on the road. Guard picked it up angrily. Door latch was defective and driver was holding the door with one hand and steering with other. Vehicle stopped at gate and door repaired. Holding door and steering together is not driving, told to the driver plainly.",,Tinsukia-Duliajan road,material delivery near school zone,,driver hours exceeded,near_miss
An employee was delivering packages when he slipped on snow/ice and fell to the ground. The employee struck his head and lost consciousness. The employee was [OUTCOME].,2025-01-07,,,"Atech Logistics, Inc",,
"During night round at GGS Balimara on 03.02.2025, operator opened guard of crude pump to investigate ticking sound. Pump tripped on interlock. Sound was from loose keyway, attended after isolation in morning. Could have broken key and damaged shaft if kept running. Good that he reported instead of adjusting himself. Logged.",,GGS Balimara,night round,,guard interlock,near_miss
Four employees were working to reset a metal tubing rack (weighing approximately 150 pounds) into a stable position after observing that the rack was leaning. The empty racking slipped and fell toward the employees. The tubing struck an employee in the back resulting in [OUTCOME] to their L1 and L2 vertebrae.,2025-06-12,,,BlueLinx Corporation,,
"Scraper trap at Kathalguri GCS, 03:50 hrs, fog. Trap on far side of the yard, light pole cable damaged in a theft attempt. Work by two torches. Cleaner reached into barrel, torch beam on his own sleeve not the work; his hand found the sharp fin of a damaged pig disc before his eyes did, thin cut across palm, could have been deeper. He wrapped it, reported, light pole repaired by afternoon. Night work at one torch per man is false economy.",,Kathalguri GCS,crude pipeline scraper trap,,entry during night shift without lighting,near_miss
